-- phpMyAdmin SQL Dump
-- version 4.6.5.2
-- https://www.phpmyadmin.net/
--
-- Servidor: 127.0.0.1
-- Tiempo de generación: 18-07-2017 a las 21:38:19
-- Versión del servidor: 10.1.21-MariaDB
-- Versión de PHP: 5.6.30

SET SQL_MODE = "NO_AUTO_VALUE_ON_ZERO";
SET time_zone = "+00:00";


/*!40101 SET @OLD_CHARACTER_SET_CLIENT=@@CHARACTER_SET_CLIENT */;
/*!40101 SET @OLD_CHARACTER_SET_RESULTS=@@CHARACTER_SET_RESULTS */;
/*!40101 SET @OLD_COLLATION_CONNECTION=@@COLLATION_CONNECTION */;
/*!40101 SET NAMES utf8mb4 */;

--
-- Base de datos: `wifi`
--

-- --------------------------------------------------------

--
-- Estructura de tabla para la tabla `ciudades`
--

CREATE TABLE `ciudades` (
  `idCiudad` int(11) NOT NULL,
  `nombre` varchar(80) DEFAULT NULL,
  `idDepartamento` int(11) NOT NULL
) ENGINE=MyISAM DEFAULT CHARSET=latin1;

--
-- Volcado de datos para la tabla `ciudades`
--

INSERT INTO `ciudades` (`idCiudad`, `nombre`, `idDepartamento`) VALUES
(1, 'Leticia', 1),
(2, 'Puerto Nariño', 1),
(3, 'Abejorral', 2),
(4, 'Abriaquí', 2),
(5, 'Alejandria', 2),
(6, 'Amagá', 2),
(7, 'Amalfi', 2),
(8, 'Andes', 2),
(9, 'Angelópolis', 2),
(10, 'Angostura', 2),
(11, 'Anorí', 2),
(12, 'Anzá', 2),
(13, 'Apartadó', 2),
(14, 'Arboletes', 2),
(15, 'Argelia', 2),
(16, 'Armenia', 2),
(17, 'Barbosa', 2),
(18, 'Bello', 2),
(19, 'Belmira', 2),
(20, 'Betania', 2),
(21, 'Betulia', 2),
(22, 'Bolívar', 2),
(23, 'Briceño', 2),
(24, 'Burítica', 2),
(25, 'Caicedo', 2),
(26, 'Caldas', 2),
(27, 'Campamento', 2),
(28, 'Caracolí', 2),
(29, 'Caramanta', 2),
(30, 'Carepa', 2),
(31, 'Carmen de Viboral', 2),
(32, 'Carolina', 2),
(33, 'Caucasia', 2),
(34, 'Cañasgordas', 2),
(35, 'Chigorodó', 2),
(36, 'Cisneros', 2),
(37, 'Cocorná', 2),
(38, 'Concepción', 2),
(39, 'Concordia', 2),
(40, 'Copacabana', 2),
(41, 'Cáceres', 2),
(42, 'Dabeiba', 2),
(43, 'Don Matías', 2),
(44, 'Ebéjico', 2),
(45, 'El Bagre', 2),
(46, 'Entrerríos', 2),
(47, 'Envigado', 2),
(48, 'Fredonia', 2),
(49, 'Frontino', 2),
(50, 'Giraldo', 2),
(51, 'Girardota', 2),
(52, 'Granada', 2),
(53, 'Guadalupe', 2),
(54, 'Guarne', 2),
(55, 'Guatapé', 2),
(56, 'Gómez Plata', 2),
(57, 'Heliconia', 2),
(58, 'Hispania', 2),
(59, 'Itagüí', 2),
(60, 'Ituango', 2),
(61, 'Jardín', 2),
(62, 'Jericó', 2),
(63, 'La Ceja', 2),
(64, 'La Estrella', 2),
(65, 'La Pintada', 2),
(66, 'La Unión', 2),
(67, 'Liborina', 2),
(68, 'Maceo', 2),
(69, 'Marinilla', 2),
(70, 'Medellín', 2),
(71, 'Montebello', 2),
(72, 'Murindó', 2),
(73, 'Mutatá', 2),
(74, 'Nariño', 2),
(75, 'Nechí', 2),
(76, 'Necoclí', 2),
(77, 'Olaya', 2),
(78, 'Peque', 2),
(79, 'Peñol', 2),
(80, 'Pueblorrico', 2),
(81, 'Puerto Berrío', 2),
(82, 'Puerto Nare', 2),
(83, 'Puerto Triunfo', 2),
(84, 'Remedios', 2),
(85, 'Retiro', 2),
(86, 'Ríonegro', 2),
(87, 'Sabanalarga', 2),
(88, 'Sabaneta', 2),
(89, 'Salgar', 2),
(90, 'San Andrés de Cuerquía', 2),
(91, 'San Carlos', 2),
(92, 'San Francisco', 2),
(93, 'San Jerónimo', 2),
(94, 'San José de Montaña', 2),
(95, 'San Juan de Urabá', 2),
(96, 'San Luís', 2),
(97, 'San Pedro', 2),
(98, 'San Pedro de Urabá', 2),
(99, 'San Rafael', 2),
(100, 'San Roque', 2),
(101, 'San Vicente', 2),
(102, 'Santa Bárbara', 2),
(103, 'Santa Fé de Antioquia', 2),
(104, 'Santa Rosa de Osos', 2),
(105, 'Santo Domingo', 2),
(106, 'Santuario', 2),
(107, 'Segovia', 2),
(108, 'Sonsón', 2),
(109, 'Sopetrán', 2),
(110, 'Tarazá', 2),
(111, 'Tarso', 2),
(112, 'Titiribí', 2),
(113, 'Toledo', 2),
(114, 'Turbo', 2),
(115, 'Támesis', 2),
(116, 'Uramita', 2),
(117, 'Urrao', 2),
(118, 'Valdivia', 2),
(119, 'Valparaiso', 2),
(120, 'Vegachí', 2),
(121, 'Venecia', 2),
(122, 'Vigía del Fuerte', 2),
(123, 'Yalí', 2),
(124, 'Yarumal', 2),
(125, 'Yolombó', 2),
(126, 'Yondó (Casabe)', 2),
(127, 'Zaragoza', 2),
(128, 'Arauca', 3),
(129, 'Arauquita', 3),
(130, 'Cravo Norte', 3),
(131, 'Fortúl', 3),
(132, 'Puerto Rondón', 3),
(133, 'Saravena', 3),
(134, 'Tame', 3),
(135, 'Baranoa', 4),
(136, 'Barranquilla', 4),
(137, 'Campo de la Cruz', 4),
(138, 'Candelaria', 4),
(139, 'Galapa', 4),
(140, 'Juan de Acosta', 4),
(141, 'Luruaco', 4),
(142, 'Malambo', 4),
(143, 'Manatí', 4),
(144, 'Palmar de Varela', 4),
(145, 'Piojo', 4),
(146, 'Polonuevo', 4),
(147, 'Ponedera', 4),
(148, 'Puerto Colombia', 4),
(149, 'Repelón', 4),
(150, 'Sabanagrande', 4),
(151, 'Sabanalarga', 4),
(152, 'Santa Lucía', 4),
(153, 'Santo Tomás', 4),
(154, 'Soledad', 4),
(155, 'Suan', 4),
(156, 'Tubará', 4),
(157, 'Usiacuri', 4),
(158, 'Achí', 5),
(159, 'Altos del Rosario', 5),
(160, 'Arenal', 5),
(161, 'Arjona', 5),
(162, 'Arroyohondo', 5),
(163, 'Barranco de Loba', 5),
(164, 'Calamar', 5),
(165, 'Cantagallo', 5),
(166, 'Cartagena', 5),
(167, 'Cicuco', 5),
(168, 'Clemencia', 5),
(169, 'Córdoba', 5),
(170, 'El Carmen de Bolívar', 5),
(171, 'El Guamo', 5),
(172, 'El Peñon', 5),
(173, 'Hatillo de Loba', 5),
(174, 'Magangué', 5),
(175, 'Mahates', 5),
(176, 'Margarita', 5),
(177, 'María la Baja', 5),
(178, 'Mompós', 5),
(179, 'Montecristo', 5),
(180, 'Morales', 5),
(181, 'Norosí', 5),
(182, 'Pinillos', 5),
(183, 'Regidor', 5),
(184, 'Río Viejo', 5),
(185, 'San Cristobal', 5),
(186, 'San Estanislao', 5),
(187, 'San Fernando', 5),
(188, 'San Jacinto', 5),
(189, 'San Jacinto del Cauca', 5),
(190, 'San Juan de Nepomuceno', 5),
(191, 'San Martín de Loba', 5),
(192, 'San Pablo', 5),
(193, 'Santa Catalina', 5),
(194, 'Santa Rosa ', 5),
(195, 'Santa Rosa del Sur', 5),
(196, 'Simití', 5),
(197, 'Soplaviento', 5),
(198, 'Talaigua Nuevo', 5),
(199, 'Tiquisio (Puerto Rico)', 5),
(200, 'Turbaco', 5),
(201, 'Turbaná', 5),
(202, 'Villanueva', 5),
(203, 'Zambrano', 5),
(204, 'Almeida', 6),
(205, 'Aquitania', 6),
(206, 'Arcabuco', 6),
(207, 'Belén', 6),
(208, 'Berbeo', 6),
(209, 'Beteitiva', 6),
(210, 'Boavita', 6),
(211, 'Boyacá', 6),
(212, 'Briceño', 6),
(213, 'Buenavista', 6),
(214, 'Busbanza', 6),
(215, 'Caldas', 6),
(216, 'Campohermoso', 6),
(217, 'Cerinza', 6),
(218, 'Chinavita', 6),
(219, 'Chiquinquirá', 6),
(220, 'Chiscas', 6),
(221, 'Chita', 6),
(222, 'Chitaraque', 6),
(223, 'Chivatá', 6),
(224, 'Chíquiza', 6),
(225, 'Chívor', 6),
(226, 'Ciénaga', 6),
(227, 'Coper', 6),
(228, 'Corrales', 6),
(229, 'Covarachía', 6),
(230, 'Cubará', 6),
(231, 'Cucaita', 6),
(232, 'Cuitiva', 6),
(233, 'Cómbita', 6),
(234, 'Duitama', 6),
(235, 'El Cocuy', 6),
(236, 'El Espino', 6),
(237, 'Firavitoba', 6),
(238, 'Floresta', 6),
(239, 'Gachantivá', 6),
(240, 'Garagoa', 6),
(241, 'Guacamayas', 6),
(242, 'Guateque', 6),
(243, 'Guayatá', 6),
(244, 'Guicán', 6),
(245, 'Gámeza', 6),
(246, 'Izá', 6),
(247, 'Jenesano', 6),
(248, 'Jericó', 6),
(249, 'La Capilla', 6),
(250, 'La Uvita', 6),
(251, 'La Victoria', 6),
(252, 'Labranzagrande', 6),
(253, 'Macanal', 6),
(254, 'Maripí', 6),
(255, 'Miraflores', 6),
(256, 'Mongua', 6),
(257, 'Monguí', 6),
(258, 'Moniquirá', 6),
(259, 'Motavita', 6),
(260, 'Muzo', 6),
(261, 'Nobsa', 6),
(262, 'Nuevo Colón', 6),
(263, 'Oicatá', 6),
(264, 'Otanche', 6),
(265, 'Pachavita', 6),
(266, 'Paipa', 6),
(267, 'Pajarito', 6),
(268, 'Panqueba', 6),
(269, 'Pauna', 6),
(270, 'Paya', 6),
(271, 'Paz de Río', 6),
(272, 'Pesca', 6),
(273, 'Pisva', 6),
(274, 'Puerto Boyacá', 6),
(275, 'Páez', 6),
(276, 'Quipama', 6),
(277, 'Ramiriquí', 6),
(278, 'Rondón', 6),
(279, 'Ráquira', 6),
(280, 'Saboyá', 6),
(281, 'Samacá', 6),
(282, 'San Eduardo', 6),
(283, 'San José de Pare', 6),
(284, 'San Luís de Gaceno', 6),
(285, 'San Mateo', 6),
(286, 'San Miguel de Sema', 6),
(287, 'San Pablo de Borbur', 6),
(288, 'Santa María', 6),
(289, 'Santa Rosa de Viterbo', 6),
(290, 'Santa Sofía', 6),
(291, 'Santana', 6),
(292, 'Sativanorte', 6),
(293, 'Sativasur', 6),
(294, 'Siachoque', 6),
(295, 'Soatá', 6),
(296, 'Socha', 6),
(297, 'Socotá', 6),
(298, 'Sogamoso', 6),
(299, 'Somondoco', 6),
(300, 'Sora', 6),
(301, 'Soracá', 6),
(302, 'Sotaquirá', 6),
(303, 'Susacón', 6),
(304, 'Sutamarchán', 6),
(305, 'Sutatenza', 6),
(306, 'Sáchica', 6),
(307, 'Tasco', 6),
(308, 'Tenza', 6),
(309, 'Tibaná', 6),
(310, 'Tibasosa', 6),
(311, 'Tinjacá', 6),
(312, 'Tipacoque', 6),
(313, 'Toca', 6),
(314, 'Toguí', 6),
(315, 'Topagá', 6),
(316, 'Tota', 6),
(317, 'Tunja', 6),
(318, 'Tunungua', 6),
(319, 'Turmequé', 6),
(320, 'Tuta', 6),
(321, 'Tutasá', 6),
(322, 'Ventaquemada', 6),
(323, 'Villa de Leiva', 6),
(324, 'Viracachá', 6),
(325, 'Zetaquirá', 6),
(326, 'Úmbita', 6),
(327, 'Aguadas', 7),
(328, 'Anserma', 7),
(329, 'Aranzazu', 7),
(330, 'Belalcázar', 7),
(331, 'Chinchiná', 7),
(332, 'Filadelfia', 7),
(333, 'La Dorada', 7),
(334, 'La Merced', 7),
(335, 'La Victoria', 7),
(336, 'Manizales', 7),
(337, 'Manzanares', 7),
(338, 'Marmato', 7),
(339, 'Marquetalia', 7),
(340, 'Marulanda', 7),
(341, 'Neira', 7),
(342, 'Norcasia', 7),
(343, 'Palestina', 7),
(344, 'Pensilvania', 7),
(345, 'Pácora', 7),
(346, 'Risaralda', 7),
(347, 'Río Sucio', 7),
(348, 'Salamina', 7),
(349, 'Samaná', 7),
(350, 'San José', 7),
(351, 'Supía', 7),
(352, 'Villamaría', 7),
(353, 'Viterbo', 7),
(354, 'Albania', 8),
(355, 'Belén de los Andaquíes', 8),
(356, 'Cartagena del Chairá', 8),
(357, 'Curillo', 8),
(358, 'El Doncello', 8),
(359, 'El Paujil', 8),
(360, 'Florencia', 8),
(361, 'La Montañita', 8),
(362, 'Milán', 8),
(363, 'Morelia', 8),
(364, 'Puerto Rico', 8),
(365, 'San José del Fragua', 8),
(366, 'San Vicente del Caguán', 8),
(367, 'Solano', 8),
(368, 'Solita', 8),
(369, 'Valparaiso', 8),
(370, 'Aguazul', 9),
(371, 'Chámeza', 9),
(372, 'Hato Corozal', 9),
(373, 'La Salina', 9),
(374, 'Maní', 9),
(375, 'Monterrey', 9),
(376, 'Nunchía', 9),
(377, 'Orocué', 9),
(378, 'Paz de Ariporo', 9),
(379, 'Pore', 9),
(380, 'Recetor', 9),
(381, 'Sabanalarga', 9),
(382, 'San Luís de Palenque', 9),
(383, 'Sácama', 9),
(384, 'Tauramena', 9),
(385, 'Trinidad', 9),
(386, 'Támara', 9),
(387, 'Villanueva', 9),
(388, 'Yopal', 9),
(389, 'Almaguer', 10),
(390, 'Argelia', 10),
(391, 'Balboa', 10),
(392, 'Bolívar', 10),
(393, 'Buenos Aires', 10),
(394, 'Cajibío', 10),
(395, 'Caldono', 10),
(396, 'Caloto', 10),
(397, 'Corinto', 10),
(398, 'El Tambo', 10),
(399, 'Florencia', 10),
(400, 'Guachené', 10),
(401, 'Guapí', 10),
(402, 'Inzá', 10),
(403, 'Jambaló', 10),
(404, 'La Sierra', 10),
(405, 'La Vega', 10),
(406, 'López (Micay)', 10),
(407, 'Mercaderes', 10),
(408, 'Miranda', 10),
(409, 'Morales', 10),
(410, 'Padilla', 10),
(411, 'Patía (El Bordo)', 10),
(412, 'Piamonte', 10),
(413, 'Piendamó', 10),
(414, 'Popayán', 10),
(415, 'Puerto Tejada', 10),
(416, 'Puracé (Coconuco)', 10),
(417, 'Páez (Belalcazar)', 10),
(418, 'Rosas', 10),
(419, 'San Sebastián', 10),
(420, 'Santa Rosa', 10),
(421, 'Santander de Quilichao', 10),
(422, 'Silvia', 10),
(423, 'Sotara (Paispamba)', 10),
(424, 'Sucre', 10),
(425, 'Suárez', 10),
(426, 'Timbiquí', 10),
(427, 'Timbío', 10),
(428, 'Toribío', 10),
(429, 'Totoró', 10),
(430, 'Villa Rica', 10),
(431, 'Aguachica', 11),
(432, 'Agustín Codazzi', 11),
(433, 'Astrea', 11),
(434, 'Becerríl', 11),
(435, 'Bosconia', 11),
(436, 'Chimichagua', 11),
(437, 'Chiriguaná', 11),
(438, 'Curumaní', 11),
(439, 'El Copey', 11),
(440, 'El Paso', 11),
(441, 'Gamarra', 11),
(442, 'Gonzalez', 11),
(443, 'La Gloria', 11),
(444, 'La Jagua de Ibirico', 11),
(445, 'La Paz (Robles)', 11),
(446, 'Manaure Balcón del Cesar', 11),
(447, 'Pailitas', 11),
(448, 'Pelaya', 11),
(449, 'Pueblo Bello', 11),
(450, 'Río de oro', 11),
(451, 'San Alberto', 11),
(452, 'San Diego', 11),
(453, 'San Martín', 11),
(454, 'Tamalameque', 11),
(455, 'Valledupar', 11),
(456, 'Acandí', 12),
(457, 'Alto Baudó (Pie de Pato)', 12),
(458, 'Atrato (Yuto)', 12),
(459, 'Bagadó', 12),
(460, 'Bahía Solano (Mútis)', 12),
(461, 'Bajo Baudó (Pizarro)', 12),
(462, 'Belén de Bajirá', 12),
(463, 'Bojayá (Bellavista)', 12),
(464, 'Cantón de San Pablo', 12),
(465, 'Carmen del Darién (CURBARADÓ)', 12),
(466, 'Condoto', 12),
(467, 'Cértegui', 12),
(468, 'El Carmen de Atrato', 12),
(469, 'Istmina', 12),
(470, 'Juradó', 12),
(471, 'Lloró', 12),
(472, 'Medio Atrato', 12),
(473, 'Medio Baudó', 12),
(474, 'Medio San Juan (ANDAGOYA)', 12),
(475, 'Novita', 12),
(476, 'Nuquí', 12),
(477, 'Quibdó', 12),
(478, 'Río Iró', 12),
(479, 'Río Quito', 12),
(480, 'Ríosucio', 12),
(481, 'San José del Palmar', 12),
(482, 'Santa Genoveva de Docorodó', 12),
(483, 'Sipí', 12),
(484, 'Tadó', 12),
(485, 'Unguía', 12),
(486, 'Unión Panamericana (ÁNIMAS)', 12),
(487, 'Ayapel', 13),
(488, 'Buenavista', 13),
(489, 'Canalete', 13),
(490, 'Cereté', 13),
(491, 'Chimá', 13),
(492, 'Chinú', 13),
(493, 'Ciénaga de Oro', 13),
(494, 'Cotorra', 13),
(495, 'La Apartada y La Frontera', 13),
(496, 'Lorica', 13),
(497, 'Los Córdobas', 13),
(498, 'Momil', 13),
(499, 'Montelíbano', 13),
(500, 'Monteria', 13),
(501, 'Moñitos', 13),
(502, 'Planeta Rica', 13),
(503, 'Pueblo Nuevo', 13),
(504, 'Puerto Escondido', 13),
(505, 'Puerto Libertador', 13),
(506, 'Purísima', 13),
(507, 'Sahagún', 13),
(508, 'San Andrés Sotavento', 13),
(509, 'San Antero', 13),
(510, 'San Bernardo del Viento', 13),
(511, 'San Carlos', 13),
(512, 'San José de Uré', 13),
(513, 'San Pelayo', 13),
(514, 'Tierralta', 13),
(515, 'Tuchín', 13),
(516, 'Valencia', 13),
(517, 'Agua de Dios', 14),
(518, 'Albán', 14),
(519, 'Anapoima', 14),
(520, 'Anolaima', 14),
(521, 'Apulo', 14),
(522, 'Arbeláez', 14),
(523, 'Beltrán', 14),
(524, 'Bituima', 14),
(525, 'Bogotá D.C.', 14),
(526, 'Bojacá', 14),
(527, 'Cabrera', 14),
(528, 'Cachipay', 14),
(529, 'Cajicá', 14),
(530, 'Caparrapí', 14),
(531, 'Carmen de Carupa', 14),
(532, 'Chaguaní', 14),
(533, 'Chipaque', 14),
(534, 'Choachí', 14),
(535, 'Chocontá', 14),
(536, 'Chía', 14),
(537, 'Cogua', 14),
(538, 'Cota', 14),
(539, 'Cucunubá', 14),
(540, 'Cáqueza', 14),
(541, 'El Colegio', 14),
(542, 'El Peñón', 14),
(543, 'El Rosal', 14),
(544, 'Facatativá', 14),
(545, 'Fosca', 14),
(546, 'Funza', 14),
(547, 'Fusagasugá', 14),
(548, 'Fómeque', 14),
(549, 'Fúquene', 14),
(550, 'Gachalá', 14),
(551, 'Gachancipá', 14),
(552, 'Gachetá', 14),
(553, 'Gama', 14),
(554, 'Girardot', 14),
(555, 'Granada', 14),
(556, 'Guachetá', 14),
(557, 'Guaduas', 14),
(558, 'Guasca', 14),
(559, 'Guataquí', 14),
(560, 'Guatavita', 14),
(561, 'Guayabal de Siquima', 14),
(562, 'Guayabetal', 14),
(563, 'Gutiérrez', 14),
(564, 'Jerusalén', 14),
(565, 'Junín', 14),
(566, 'La Calera', 14),
(567, 'La Mesa', 14),
(568, 'La Palma', 14),
(569, 'La Peña', 14),
(570, 'La Vega', 14),
(571, 'Lenguazaque', 14),
(572, 'Machetá', 14),
(573, 'Madrid', 14),
(574, 'Manta', 14),
(575, 'Medina', 14),
(576, 'Mosquera', 14),
(577, 'Nariño', 14),
(578, 'Nemocón', 14),
(579, 'Nilo', 14),
(580, 'Nimaima', 14),
(581, 'Nocaima', 14),
(582, 'Pacho', 14),
(583, 'Paime', 14),
(584, 'Pandi', 14),
(585, 'Paratebueno', 14),
(586, 'Pasca', 14),
(587, 'Puerto Salgar', 14),
(588, 'Pulí', 14),
(589, 'Quebradanegra', 14),
(590, 'Quetame', 14),
(591, 'Quipile', 14),
(592, 'Ricaurte', 14),
(593, 'San Antonio de Tequendama', 14),
(594, 'San Bernardo', 14),
(595, 'San Cayetano', 14),
(596, 'San Francisco', 14),
(597, 'San Juan de Río Seco', 14),
(598, 'Sasaima', 14),
(599, 'Sesquilé', 14),
(600, 'Sibaté', 14),
(601, 'Silvania', 14),
(602, 'Simijaca', 14),
(603, 'Soacha', 14),
(604, 'Sopó', 14),
(605, 'Subachoque', 14),
(606, 'Suesca', 14),
(607, 'Supatá', 14),
(608, 'Susa', 14),
(609, 'Sutatausa', 14),
(610, 'Tabio', 14),
(611, 'Tausa', 14),
(612, 'Tena', 14),
(613, 'Tenjo', 14),
(614, 'Tibacuy', 14),
(615, 'Tibirita', 14),
(616, 'Tocaima', 14),
(617, 'Tocancipá', 14),
(618, 'Topaipí', 14),
(619, 'Ubalá', 14),
(620, 'Ubaque', 14),
(621, 'Ubaté', 14),
(622, 'Une', 14),
(623, 'Venecia (Ospina Pérez)', 14),
(624, 'Vergara', 14),
(625, 'Viani', 14),
(626, 'Villagómez', 14),
(627, 'Villapinzón', 14),
(628, 'Villeta', 14),
(629, 'Viotá', 14),
(630, 'Yacopí', 14),
(631, 'Zipacón', 14),
(632, 'Zipaquirá', 14),
(633, 'Útica', 14),
(634, 'Inírida', 15),
(635, 'Calamar', 16),
(636, 'El Retorno', 16),
(637, 'Miraflores', 16),
(638, 'San José del Guaviare', 16),
(639, 'Acevedo', 17),
(640, 'Agrado', 17),
(641, 'Aipe', 17),
(642, 'Algeciras', 17),
(643, 'Altamira', 17),
(644, 'Baraya', 17),
(645, 'Campoalegre', 17),
(646, 'Colombia', 17),
(647, 'Elías', 17),
(648, 'Garzón', 17),
(649, 'Gigante', 17),
(650, 'Guadalupe', 17),
(651, 'Hobo', 17),
(652, 'Isnos', 17),
(653, 'La Argentina', 17),
(654, 'La Plata', 17),
(655, 'Neiva', 17),
(656, 'Nátaga', 17),
(657, 'Oporapa', 17),
(658, 'Paicol', 17),
(659, 'Palermo', 17),
(660, 'Palestina', 17),
(661, 'Pital', 17),
(662, 'Pitalito', 17),
(663, 'Rivera', 17),
(664, 'Saladoblanco', 17),
(665, 'San Agustín', 17),
(666, 'Santa María', 17),
(667, 'Suaza', 17),
(668, 'Tarqui', 17),
(669, 'Tello', 17),
(670, 'Teruel', 17),
(671, 'Tesalia', 17),
(672, 'Timaná', 17),
(673, 'Villavieja', 17),
(674, 'Yaguará', 17),
(675, 'Íquira', 17),
(676, 'Albania', 18),
(677, 'Barrancas', 18),
(678, 'Dibulla', 18),
(679, 'Distracción', 18),
(680, 'El Molino', 18),
(681, 'Fonseca', 18),
(682, 'Hatonuevo', 18),
(683, 'La Jagua del Pilar', 18),
(684, 'Maicao', 18),
(685, 'Manaure', 18),
(686, 'Riohacha', 18),
(687, 'San Juan del Cesar', 18),
(688, 'Uribia', 18),
(689, 'Urumita', 18),
(690, 'Villanueva', 18),
(691, 'Algarrobo', 19),
(692, 'Aracataca', 19),
(693, 'Ariguaní (El Difícil)', 19),
(694, 'Cerro San Antonio', 19),
(695, 'Chivolo', 19),
(696, 'Ciénaga', 19),
(697, 'Concordia', 19),
(698, 'El Banco', 19),
(699, 'El Piñon', 19),
(700, 'El Retén', 19),
(701, 'Fundación', 19),
(702, 'Guamal', 19),
(703, 'Nueva Granada', 19),
(704, 'Pedraza', 19),
(705, 'Pijiño', 19),
(706, 'Pivijay', 19),
(707, 'Plato', 19),
(708, 'Puebloviejo', 19),
(709, 'Remolino', 19),
(710, 'Sabanas de San Angel (SAN ANGEL)', 19),
(711, 'Salamina', 19),
(712, 'San Sebastián de Buenavista', 19),
(713, 'San Zenón', 19),
(714, 'Santa Ana', 19),
(715, 'Santa Bárbara de Pinto', 19),
(716, 'Santa Marta', 19),
(717, 'Sitionuevo', 19),
(718, 'Tenerife', 19),
(719, 'Zapayán (PUNTA DE PIEDRAS)', 19),
(720, 'Zona Bananera (PRADO - SEVILLA)', 19),
(721, 'Acacías', 20),
(722, 'Barranca de Upía', 20),
(723, 'Cabuyaro', 20),
(724, 'Castilla la Nueva', 20),
(725, 'Cubarral', 20),
(726, 'Cumaral', 20),
(727, 'El Calvario', 20),
(728, 'El Castillo', 20),
(729, 'El Dorado', 20),
(730, 'Fuente de Oro', 20),
(731, 'Granada', 20),
(732, 'Guamal', 20),
(733, 'La Macarena', 20),
(734, 'Lejanías', 20),
(735, 'Mapiripan', 20),
(736, 'Mesetas', 20),
(737, 'Puerto Concordia', 20),
(738, 'Puerto Gaitán', 20),
(739, 'Puerto Lleras', 20),
(740, 'Puerto López', 20),
(741, 'Puerto Rico', 20),
(742, 'Restrepo', 20),
(743, 'San Carlos de Guaroa', 20),
(744, 'San Juan de Arama', 20),
(745, 'San Juanito', 20),
(746, 'San Martín', 20),
(747, 'Uribe', 20),
(748, 'Villavicencio', 20),
(749, 'Vista Hermosa', 20),
(750, 'Albán (San José)', 21),
(751, 'Aldana', 21),
(752, 'Ancuya', 21),
(753, 'Arboleda (Berruecos)', 21),
(754, 'Barbacoas', 21),
(755, 'Belén', 21),
(756, 'Buesaco', 21),
(757, 'Chachaguí', 21),
(758, 'Colón (Génova)', 21),
(759, 'Consaca', 21),
(760, 'Contadero', 21),
(761, 'Cuaspud (Carlosama)', 21),
(762, 'Cumbal', 21),
(763, 'Cumbitara', 21),
(764, 'Córdoba', 21),
(765, 'El Charco', 21),
(766, 'El Peñol', 21),
(767, 'El Rosario', 21),
(768, 'El Tablón de Gómez', 21),
(769, 'El Tambo', 21),
(770, 'Francisco Pizarro', 21),
(771, 'Funes', 21),
(772, 'Guachavés', 21),
(773, 'Guachucal', 21),
(774, 'Guaitarilla', 21),
(775, 'Gualmatán', 21),
(776, 'Iles', 21),
(777, 'Imúes', 21),
(778, 'Ipiales', 21),
(779, 'La Cruz', 21),
(780, 'La Florida', 21),
(781, 'La Llanada', 21),
(782, 'La Tola', 21),
(783, 'La Unión', 21),
(784, 'Leiva', 21),
(785, 'Linares', 21),
(786, 'Magüi (Payán)', 21),
(787, 'Mallama (Piedrancha)', 21),
(788, 'Mosquera', 21),
(789, 'Nariño', 21),
(790, 'Olaya Herrera', 21),
(791, 'Ospina', 21),
(792, 'Policarpa', 21),
(793, 'Potosí', 21),
(794, 'Providencia', 21),
(795, 'Puerres', 21),
(796, 'Pupiales', 21),
(797, 'Ricaurte', 21),
(798, 'Roberto Payán (San José)', 21),
(799, 'Samaniego', 21),
(800, 'San Bernardo', 21),
(801, 'San Juan de Pasto', 21),
(802, 'San Lorenzo', 21),
(803, 'San Pablo', 21),
(804, 'San Pedro de Cartago', 21),
(805, 'Sandoná', 21),
(806, 'Santa Bárbara (Iscuandé)', 21),
(807, 'Sapuyes', 21),
(808, 'Sotomayor (Los Andes)', 21),
(809, 'Taminango', 21),
(810, 'Tangua', 21),
(811, 'Tumaco', 21),
(812, 'Túquerres', 21),
(813, 'Yacuanquer', 21),
(814, 'Arboledas', 22),
(815, 'Bochalema', 22),
(816, 'Bucarasica', 22),
(817, 'Chinácota', 22),
(818, 'Chitagá', 22),
(819, 'Convención', 22),
(820, 'Cucutilla', 22),
(821, 'Cáchira', 22),
(822, 'Cácota', 22),
(823, 'Cúcuta', 22),
(824, 'Durania', 22),
(825, 'El Carmen', 22),
(826, 'El Tarra', 22),
(827, 'El Zulia', 22),
(828, 'Gramalote', 22),
(829, 'Hacarí', 22),
(830, 'Herrán', 22),
(831, 'La Esperanza', 22),
(832, 'La Playa', 22),
(833, 'Labateca', 22),
(834, 'Los Patios', 22),
(835, 'Lourdes', 22),
(836, 'Mutiscua', 22),
(837, 'Ocaña', 22),
(838, 'Pamplona', 22),
(839, 'Pamplonita', 22),
(840, 'Puerto Santander', 22),
(841, 'Ragonvalia', 22),
(842, 'Salazar', 22),
(843, 'San Calixto', 22),
(844, 'San Cayetano', 22),
(845, 'Santiago', 22),
(846, 'Sardinata', 22),
(847, 'Silos', 22),
(848, 'Teorama', 22),
(849, 'Tibú', 22),
(850, 'Toledo', 22),
(851, 'Villa Caro', 22),
(852, 'Villa del Rosario', 22),
(853, 'Ábrego', 22),
(854, 'Colón', 23),
(855, 'Mocoa', 23),
(856, 'Orito', 23),
(857, 'Puerto Asís', 23),
(858, 'Puerto Caicedo', 23),
(859, 'Puerto Guzmán', 23),
(860, 'Puerto Leguízamo', 23),
(861, 'San Francisco', 23),
(862, 'San Miguel', 23),
(863, 'Santiago', 23),
(864, 'Sibundoy', 23),
(865, 'Valle del Guamuez', 23),
(866, 'Villagarzón', 23),
(867, 'Armenia', 24),
(868, 'Buenavista', 24),
(869, 'Calarcá', 24),
(870, 'Circasia', 24),
(871, 'Cordobá', 24),
(872, 'Filandia', 24),
(873, 'Génova', 24),
(874, 'La Tebaida', 24),
(875, 'Montenegro', 24),
(876, 'Pijao', 24),
(877, 'Quimbaya', 24),
(878, 'Salento', 24),
(879, 'Apía', 25),
(880, 'Balboa', 25),
(881, 'Belén de Umbría', 25),
(882, 'Dos Quebradas', 25),
(883, 'Guática', 25),
(884, 'La Celia', 25),
(885, 'La Virginia', 25),
(886, 'Marsella', 25),
(887, 'Mistrató', 25),
(888, 'Pereira', 25),
(889, 'Pueblo Rico', 25),
(890, 'Quinchía', 25),
(891, 'Santa Rosa de Cabal', 25),
(892, 'Santuario', 25),
(893, 'Providencia', 26),
(894, 'Aguada', 27),
(895, 'Albania', 27),
(896, 'Aratoca', 27),
(897, 'Barbosa', 27),
(898, 'Barichara', 27),
(899, 'Barrancabermeja', 27),
(900, 'Betulia', 27),
(901, 'Bolívar', 27),
(902, 'Bucaramanga', 27),
(903, 'Cabrera', 27),
(904, 'California', 27),
(905, 'Capitanejo', 27),
(906, 'Carcasí', 27),
(907, 'Cepita', 27),
(908, 'Cerrito', 27),
(909, 'Charalá', 27),
(910, 'Charta', 27),
(911, 'Chima', 27),
(912, 'Chipatá', 27),
(913, 'Cimitarra', 27),
(914, 'Concepción', 27),
(915, 'Confines', 27),
(916, 'Contratación', 27),
(917, 'Coromoro', 27),
(918, 'Curití', 27),
(919, 'El Carmen', 27),
(920, 'El Guacamayo', 27),
(921, 'El Peñon', 27),
(922, 'El Playón', 27),
(923, 'Encino', 27),
(924, 'Enciso', 27),
(925, 'Floridablanca', 27),
(926, 'Florián', 27),
(927, 'Galán', 27),
(928, 'Girón', 27),
(929, 'Guaca', 27),
(930, 'Guadalupe', 27),
(931, 'Guapota', 27),
(932, 'Guavatá', 27),
(933, 'Guepsa', 27),
(934, 'Gámbita', 27),
(935, 'Hato', 27),
(936, 'Jesús María', 27),
(937, 'Jordán', 27),
(938, 'La Belleza', 27),
(939, 'La Paz', 27),
(940, 'Landázuri', 27),
(941, 'Lebrija', 27),
(942, 'Los Santos', 27),
(943, 'Macaravita', 27),
(944, 'Matanza', 27),
(945, 'Mogotes', 27),
(946, 'Molagavita', 27),
(947, 'Málaga', 27),
(948, 'Ocamonte', 27),
(949, 'Oiba', 27),
(950, 'Onzaga', 27),
(951, 'Palmar', 27),
(952, 'Palmas del Socorro', 27),
(953, 'Pie de Cuesta', 27),
(954, 'Pinchote', 27),
(955, 'Puente Nacional', 27),
(956, 'Puerto Parra', 27),
(957, 'Puerto Wilches', 27),
(958, 'Páramo', 27),
(959, 'Rio Negro', 27),
(960, 'Sabana de Torres', 27),
(961, 'San Andrés', 27),
(962, 'San Benito', 27),
(963, 'San Gíl', 27),
(964, 'San Joaquín', 27),
(965, 'San José de Miranda', 27),
(966, 'San Miguel', 27),
(967, 'San Vicente del Chucurí', 27),
(968, 'Santa Bárbara', 27),
(969, 'Santa Helena del Opón', 27),
(970, 'Simacota', 27),
(971, 'Socorro', 27),
(972, 'Suaita', 27),
(973, 'Sucre', 27),
(974, 'Suratá', 27),
(975, 'Tona', 27),
(976, 'Valle de San José', 27),
(977, 'Vetas', 27),
(978, 'Villanueva', 27),
(979, 'Vélez', 27),
(980, 'Zapatoca', 27),
(981, 'Buenavista', 28),
(982, 'Caimito', 28),
(983, 'Chalán', 28),
(984, 'Colosó (Ricaurte)', 28),
(985, 'Corozal', 28),
(986, 'Coveñas', 28),
(987, 'El Roble', 28),
(988, 'Galeras (Nueva Granada)', 28),
(989, 'Guaranda', 28),
(990, 'La Unión', 28),
(991, 'Los Palmitos', 28),
(992, 'Majagual', 28),
(993, 'Morroa', 28),
(994, 'Ovejas', 28),
(995, 'Palmito', 28),
(996, 'Sampués', 28),
(997, 'San Benito Abad', 28),
(998, 'San Juan de Betulia', 28),
(999, 'San Marcos', 28),
(1000, 'San Onofre', 28),
(1001, 'San Pedro', 28),
(1002, 'Sincelejo', 28),
(1003, 'Sincé', 28),
(1004, 'Sucre', 28),
(1005, 'Tolú', 28),
(1006, 'Tolú Viejo', 28),
(1007, 'Alpujarra', 29),
(1008, 'Alvarado', 29),
(1009, 'Ambalema', 29),
(1010, 'Anzoátegui', 29),
(1011, 'Armero (Guayabal)', 29),
(1012, 'Ataco', 29),
(1013, 'Cajamarca', 29),
(1014, 'Carmen de Apicalá', 29),
(1015, 'Casabianca', 29),
(1016, 'Chaparral', 29),
(1017, 'Coello', 29),
(1018, 'Coyaima', 29),
(1019, 'Cunday', 29),
(1020, 'Dolores', 29),
(1021, 'Espinal', 29),
(1022, 'Falan', 29),
(1023, 'Flandes', 29),
(1024, 'Fresno', 29),
(1025, 'Guamo', 29),
(1026, 'Herveo', 29),
(1027, 'Honda', 29),
(1028, 'Ibagué', 29),
(1029, 'Icononzo', 29),
(1030, 'Lérida', 29),
(1031, 'Líbano', 29),
(1032, 'Mariquita', 29),
(1033, 'Melgar', 29),
(1034, 'Murillo', 29),
(1035, 'Natagaima', 29),
(1036, 'Ortega', 29),
(1037, 'Palocabildo', 29),
(1038, 'Piedras', 29),
(1039, 'Planadas', 29),
(1040, 'Prado', 29),
(1041, 'Purificación', 29),
(1042, 'Rioblanco', 29),
(1043, 'Roncesvalles', 29),
(1044, 'Rovira', 29),
(1045, 'Saldaña', 29),
(1046, 'San Antonio', 29),
(1047, 'San Luis', 29),
(1048, 'Santa Isabel', 29),
(1049, 'Suárez', 29),
(1050, 'Valle de San Juan', 29),
(1051, 'Venadillo', 29),
(1052, 'Villahermosa', 29),
(1053, 'Villarrica', 29),
(1054, 'Alcalá', 30),
(1055, 'Andalucía', 30),
(1056, 'Ansermanuevo', 30),
(1057, 'Argelia', 30),
(1058, 'Bolívar', 30),
(1059, 'Buenaventura', 30),
(1060, 'Buga', 30),
(1061, 'Bugalagrande', 30),
(1062, 'Caicedonia', 30),
(1063, 'Calima (Darién)', 30),
(1064, 'Calí', 30),
(1065, 'Candelaria', 30),
(1066, 'Cartago', 30),
(1067, 'Dagua', 30),
(1068, 'El Cairo', 30),
(1069, 'El Cerrito', 30),
(1070, 'El Dovio', 30),
(1071, 'El Águila', 30),
(1072, 'Florida', 30),
(1073, 'Ginebra', 30),
(1074, 'Guacarí', 30),
(1075, 'Jamundí', 30),
(1076, 'La Cumbre', 30),
(1077, 'La Unión', 30),
(1078, 'La Victoria', 30),
(1079, 'Obando', 30),
(1080, 'Palmira', 30),
(1081, 'Pradera', 30),
(1082, 'Restrepo', 30),
(1083, 'Riofrío', 30),
(1084, 'Roldanillo', 30),
(1085, 'San Pedro', 30),
(1086, 'Sevilla', 30),
(1087, 'Toro', 30),
(1088, 'Trujillo', 30),
(1089, 'Tulúa', 30),
(1090, 'Ulloa', 30),
(1091, 'Versalles', 30),
(1092, 'Vijes', 30),
(1093, 'Yotoco', 30),
(1094, 'Yumbo', 30),
(1095, 'Zarzal', 30),
(1096, 'Carurú', 31),
(1097, 'Mitú', 31),
(1098, 'Taraira', 31),
(1099, 'Cumaribo', 32),
(1100, 'La Primavera', 32),
(1101, 'Puerto Carreño', 32),
(1102, 'Santa Rosalía', 32),
(1103, 'Carmen de Apicalá', 29),
(1104, 'La Mesa', 14),
(1105, 'Extranjero', 0);

-- --------------------------------------------------------

--
-- Estructura de tabla para la tabla `conteo`
--

CREATE TABLE `conteo` (
  `id_conteo` int(11) NOT NULL,
  `id_usuario` int(11) NOT NULL,
  `id_encuesta` int(11) NOT NULL,
  `respuesta` varchar(200) NOT NULL
) ENGINE=InnoDB DEFAULT CHARSET=latin1;

--
-- Volcado de datos para la tabla `conteo`
--

INSERT INTO `conteo` (`id_conteo`, `id_usuario`, `id_encuesta`, `respuesta`) VALUES
(22, 2, 4, 'REGULAR'),
(23, 7, 1, 'BUENA'),
(24, 8, 1, 'BUENA'),
(25, 9, 1, 'MALA'),
(26, 10, 1, 'BUENA'),
(27, 14, 1, 'REGULAR'),
(28, 15, 1, 'REGULAR'),
(29, 15, 1, 'BUENA'),
(30, 17, 1, 'BUENA'),
(31, 18, 1, 'MALA'),
(32, 18, 2, 'REGULAR'),
(33, 18, 3, 'BUENA'),
(34, 18, 4, 'BUENA'),
(35, 19, 1, 'MALA'),
(36, 19, 2, 'BUENA'),
(37, 18, 1, 'REGULAR'),
(38, 21, 1, 'REGULAR'),
(39, 22, 1, 'BUENA'),
(40, 23, 1, 'EXCELENTE'),
(41, 25, 1, 'MALA'),
(42, 26, 1, 'REGULAR'),
(43, 27, 1, 'BUENA'),
(44, 38, 1, 'EXCELENTE'),
(45, 38, 1, 'MALA'),
(46, 43, 1, 'EXCELENTE'),
(47, 38, 1, 'REGULAR'),
(48, 43, 1, 'REGULAR'),
(49, 38, 1, 'EXCELENTE'),
(50, 50, 1, 'EXCELENTE'),
(51, 51, 1, 'MALA'),
(52, 52, 1, 'REGULAR'),
(53, 55, 1, 'BUENA'),
(54, 56, 1, 'EXCELENTE'),
(55, 57, 1, 'MALA'),
(56, 59, 1, 'EXCELENTE'),
(57, 60, 1, 'REGULAR'),
(58, 61, 1, 'REGULAR'),
(59, 61, 1, 'EXCELENTE'),
(60, 64, 1, 'EXCELENTE'),
(61, 64, 1, 'MALA'),
(62, 64, 1, 'REGULAR'),
(63, 64, 1, 'BUENA'),
(64, 69, 1, 'EXCELENTE'),
(65, 70, 1, 'MALA'),
(66, 70, 1, 'EXCELENTE'),
(67, 72, 1, 'REGULAR'),
(68, 73, 1, 'REGULAR'),
(69, 74, 1, 'EXCELENTE'),
(70, 75, 1, 'BUENA'),
(71, 75, 1, 'MALA'),
(72, 75, 1, 'REGULAR'),
(73, 78, 1, 'BUENA'),
(74, 79, 1, 'BUENA'),
(75, 79, 1, 'MALA'),
(76, 81, 1, 'BUENA'),
(77, 81, 1, 'REGULAR'),
(78, 81, 1, 'REGULAR'),
(79, 83, 1, 'BUENA'),
(80, 84, 1, 'EXCELENTE'),
(81, 84, 1, 'MALA'),
(82, 88, 1, 'REGULAR'),
(83, 88, 1, 'EXCELENTE'),
(84, 89, 1, 'EXCELENTE'),
(85, 90, 1, 'MALA'),
(86, 91, 1, 'EXCELENTE'),
(87, 91, 1, 'REGULAR'),
(88, 91, 1, 'REGULAR'),
(89, 91, 1, 'EXCELENTE'),
(90, 90, 1, 'EXCELENTE'),
(91, 90, 1, 'MALA'),
(92, 95, 1, 'REGULAR'),
(93, 96, 1, 'BUENA'),
(94, 96, 1, 'EXCELENTE'),
(95, 96, 1, 'MALA'),
(96, 96, 1, 'EXCELENTE'),
(97, 96, 1, 'REGULAR'),
(98, 96, 1, 'REGULAR'),
(99, 96, 1, 'EXCELENTE'),
(100, 88, 1, 'EXCELENTE'),
(101, 88, 1, 'MALA'),
(102, 88, 1, 'REGULAR'),
(103, 88, 1, 'EXCELENTE'),
(104, 99, 1, 'EXCELENTE'),
(105, 99, 1, 'MALA'),
(106, 99, 1, 'EXCELENTE'),
(107, 99, 1, 'REGULAR'),
(108, 99, 1, 'REGULAR'),
(109, 99, 1, 'EXCELENTE'),
(110, 96, 1, 'EXCELENTE'),
(111, 96, 1, 'MALA'),
(112, 96, 1, 'REGULAR'),
(113, 96, 1, 'EXCELENTE'),
(114, 102, 1, 'EXCELENTE'),
(115, 103, 1, 'MALA'),
(116, 89, 1, 'EXCELENTE'),
(117, 7, 1, 'REGULAR'),
(118, 7, 1, 'REGULAR'),
(119, 106, 1, 'EXCELENTE'),
(120, 106, 1, 'EXCELENTE'),
(121, 106, 1, 'MALA'),
(122, 106, 1, 'REGULAR'),
(123, 88, 1, 'EXCELENTE'),
(124, 88, 1, 'EXCELENTE'),
(125, 88, 1, 'MALA'),
(126, 88, 1, 'EXCELENTE'),
(127, 88, 1, 'REGULAR'),
(128, 112, 1, 'REGULAR'),
(129, 112, 1, 'EXCELENTE'),
(130, 114, 1, 'EXCELENTE'),
(131, 114, 1, 'MALA'),
(132, 114, 1, 'REGULAR'),
(133, 114, 1, 'EXCELENTE'),
(134, 114, 1, 'EXCELENTE'),
(135, 114, 1, 'MALA'),
(136, 106, 1, 'EXCELENTE'),
(137, 114, 1, 'REGULAR'),
(138, 114, 1, 'REGULAR'),
(139, 114, 1, 'EXCELENTE'),
(140, 120, 1, 'EXCELENTE'),
(141, 121, 1, 'MALA'),
(142, 123, 1, 'REGULAR'),
(143, 123, 1, 'EXCELENTE'),
(144, 125, 1, 'EXCELENTE'),
(145, 123, 1, 'MALA'),
(146, 127, 1, 'EXCELENTE'),
(147, 127, 1, 'REGULAR'),
(148, 128, 1, 'REGULAR'),
(149, 128, 1, 'EXCELENTE'),
(150, 130, 1, 'EXCELENTE'),
(151, 130, 1, 'MALA'),
(152, 131, 1, 'REGULAR'),
(153, 133, 1, 'EXCELENTE'),
(154, 135, 1, 'EXCELENTE'),
(155, 135, 1, 'MALA'),
(156, 137, 1, 'EXCELENTE'),
(157, 138, 1, 'REGULAR'),
(158, 139, 1, 'REGULAR'),
(159, 142, 1, 'EXCELENTE'),
(160, 142, 1, 'EXCELENTE'),
(161, 89, 1, 'MALA'),
(162, 144, 1, 'REGULAR'),
(163, 69, 1, 'EXCELENTE'),
(164, 69, 1, 'EXCELENTE'),
(165, 147, 1, 'MALA'),
(166, 151, 1, 'EXCELENTE'),
(167, 151, 1, 'REGULAR'),
(168, 90, 1, 'REGULAR'),
(169, 162, 1, 'EXCELENTE'),
(170, 164, 1, 'EXCELENTE'),
(171, 89, 1, 'MALA'),
(172, 167, 1, 'REGULAR'),
(173, 167, 1, 'EXCELENTE'),
(174, 169, 1, 'EXCELENTE'),
(175, 169, 1, 'MALA'),
(176, 172, 1, 'EXCELENTE'),
(177, 172, 1, 'REGULAR'),
(178, 172, 1, 'REGULAR'),
(179, 172, 1, 'EXCELENTE'),
(180, 175, 1, 'EXCELENTE'),
(181, 175, 1, 'MALA'),
(182, 177, 1, 'REGULAR'),
(183, 178, 1, 'EXCELENTE'),
(184, 178, 1, 'EXCELENTE'),
(185, 176, 1, 'MALA'),
(186, 176, 1, 'EXCELENTE'),
(187, 182, 1, 'REGULAR'),
(188, 183, 1, 'REGULAR'),
(189, 183, 1, 'EXCELENTE'),
(190, 183, 1, 'EXCELENTE'),
(191, 183, 1, 'MALA'),
(192, 183, 3, 'REGULAR'),
(193, 186, 1, 'EXCELENTE'),
(194, 186, 1, 'EXCELENTE'),
(195, 187, 1, 'MALA'),
(196, 188, 1, 'EXCELENTE'),
(197, 188, 1, 'REGULAR'),
(198, 188, 1, 'REGULAR'),
(199, 188, 1, 'EXCELENTE'),
(200, 188, 1, 'BUENA'),
(201, 188, 1, 'MALA'),
(202, 188, 1, 'REGULAR'),
(203, 191, 1, 'BUENA'),
(204, 191, 1, 'BUENA'),
(205, 193, 1, 'MALA'),
(206, 193, 1, 'BUENA'),
(207, 194, 1, 'REGULAR'),
(208, 195, 1, 'REGULAR'),
(209, 196, 1, 'BUENA'),
(210, 196, 1, 'EXCELENTE'),
(211, 196, 1, 'MALA'),
(212, 176, 1, 'REGULAR'),
(213, 198, 1, 'EXCELENTE'),
(214, 199, 1, 'EXCELENTE'),
(215, 200, 1, 'MALA'),
(216, 201, 1, 'EXCELENTE'),
(217, 202, 1, 'REGULAR'),
(218, 203, 1, 'REGULAR'),
(219, 204, 1, 'EXCELENTE'),
(220, 204, 1, 'BUENA'),
(221, 205, 1, 'MALA'),
(222, 207, 1, 'REGULAR'),
(223, 207, 1, 'BUENA'),
(224, 207, 1, 'BUENA'),
(225, 208, 1, 'MALA'),
(226, 208, 1, 'BUENA'),
(227, 209, 1, 'REGULAR'),
(228, 211, 1, 'REGULAR'),
(229, 211, 1, 'BUENA'),
(230, 208, 1, 'BUENA'),
(231, 208, 1, 'MALA'),
(232, 208, 1, 'REGULAR'),
(233, 211, 1, 'BUENA'),
(234, 215, 1, 'BUENA'),
(235, 89, 1, 'MALA'),
(236, 89, 1, 'BUENA'),
(237, 218, 1, 'REGULAR'),
(238, 218, 1, 'REGULAR'),
(239, 218, 1, 'BUENA'),
(240, 218, 1, 'BUENA'),
(241, 222, 1, 'MALA'),
(242, 223, 1, 'REGULAR'),
(243, 223, 1, 'BUENA'),
(244, 223, 1, 'BUENA'),
(245, 147, 1, 'MALA'),
(246, 147, 1, 'BUENA'),
(247, 147, 1, 'REGULAR'),
(248, 147, 1, 'REGULAR'),
(249, 147, 1, 'BUENA'),
(250, 226, 1, 'BUENA'),
(251, 226, 1, 'MALA'),
(252, 226, 1, 'REGULAR'),
(253, 228, 1, 'BUENA'),
(254, 228, 1, 'BUENA'),
(255, 230, 1, 'MALA'),
(256, 231, 1, 'BUENA'),
(257, 142, 1, 'REGULAR'),
(258, 234, 1, 'REGULAR'),
(259, 235, 1, 'BUENA'),
(260, 235, 1, 'BUENA'),
(261, 89, 1, 'MALA'),
(262, 237, 1, 'REGULAR'),
(263, 237, 1, 'BUENA'),
(264, 237, 1, 'BUENA'),
(265, 238, 1, 'MALA'),
(266, 238, 1, 'BUENA'),
(267, 238, 1, 'REGULAR'),
(268, 242, 1, 'REGULAR'),
(269, 243, 1, 'BUENA'),
(270, 243, 1, 'BUENA'),
(271, 245, 1, 'MALA'),
(272, 245, 1, 'REGULAR'),
(273, 243, 1, 'BUENA'),
(274, 243, 1, 'BUENA'),
(275, 243, 1, 'MALA'),
(276, 243, 1, 'BUENA'),
(277, 243, 1, 'REGULAR'),
(278, 250, 1, 'REGULAR'),
(279, 243, 1, 'BUENA'),
(280, 250, 1, 'EXCELENTE'),
(281, 253, 1, 'MALA'),
(282, 254, 1, 'REGULAR'),
(283, 255, 1, 'EXCELENTE'),
(284, 257, 1, 'EXCELENTE'),
(285, 257, 1, 'MALA'),
(286, 258, 1, 'EXCELENTE'),
(287, 258, 1, 'REGULAR'),
(288, 261, 1, 'REGULAR'),
(289, 261, 1, 'EXCELENTE'),
(290, 264, 1, 'BUENA'),
(291, 264, 1, 'MALA'),
(292, 263, 1, 'REGULAR'),
(293, 267, 1, 'BUENA'),
(294, 269, 1, 'BUENA'),
(295, 271, 1, 'MALA'),
(296, 271, 1, 'BUENA'),
(297, 272, 1, 'REGULAR'),
(298, 273, 1, 'REGULAR'),
(299, 274, 1, 'BUENA'),
(300, 274, 1, 'BUENA'),
(301, 276, 1, 'MALA'),
(302, 278, 1, 'REGULAR'),
(303, 279, 1, 'BUENA'),
(304, 279, 1, 'BUENA'),
(305, 279, 1, 'MALA'),
(306, 279, 1, 'BUENA'),
(307, 279, 1, 'REGULAR'),
(308, 279, 1, 'REGULAR'),
(309, 279, 1, 'BUENA'),
(310, 279, 1, 'EXCELENTE'),
(311, 281, 1, 'MALA'),
(312, 276, 1, 'REGULAR'),
(313, 276, 1, 'EXCELENTE'),
(314, 283, 1, 'EXCELENTE'),
(315, 287, 1, 'MALA'),
(316, 287, 1, 'EXCELENTE'),
(317, 288, 1, 'REGULAR'),
(318, 288, 1, 'REGULAR'),
(319, 288, 1, 'EXCELENTE'),
(320, 291, 1, 'BUENA'),
(321, 291, 1, 'MALA'),
(322, 291, 1, 'REGULAR'),
(323, 295, 1, 'BUENA'),
(324, 295, 1, 'BUENA'),
(325, 299, 1, 'MALA'),
(326, 300, 1, 'BUENA'),
(327, 300, 1, 'REGULAR'),
(328, 300, 1, 'REGULAR'),
(329, 300, 1, 'BUENA'),
(330, 298, 1, 'BUENA'),
(331, 298, 1, 'MALA'),
(332, 298, 1, 'REGULAR'),
(333, 305, 1, 'BUENA'),
(334, 306, 1, 'BUENA'),
(335, 307, 1, 'MALA'),
(336, 308, 1, 'BUENA'),
(337, 309, 1, 'REGULAR'),
(338, 288, 1, 'REGULAR'),
(339, 311, 1, 'BUENA'),
(340, 311, 1, 'BUENA'),
(341, 311, 1, 'MALA'),
(342, 313, 1, 'REGULAR'),
(343, 313, 1, 'BUENA'),
(344, 313, 1, 'BUENA'),
(345, 314, 1, 'MALA'),
(346, 317, 1, 'BUENA'),
(347, 317, 1, 'REGULAR'),
(348, 317, 1, 'REGULAR'),
(349, 288, 1, 'BUENA'),
(350, 288, 1, 'BUENA'),
(351, 288, 1, 'MALA'),
(352, 330, 1, 'REGULAR'),
(353, 331, 1, 'BUENA'),
(354, 329, 1, 'BUENA'),
(355, 329, 1, 'MALA'),
(356, 329, 1, 'BUENA'),
(357, 329, 1, 'REGULAR'),
(358, 334, 1, 'REGULAR'),
(359, 335, 1, 'BUENA'),
(360, 336, 1, 'BUENA'),
(361, 337, 1, 'MALA'),
(362, 338, 1, 'REGULAR'),
(363, 257, 1, 'BUENA'),
(364, 340, 1, 'BUENA'),
(365, 341, 1, 'MALA'),
(366, 341, 1, 'BUENA'),
(367, 341, 1, 'REGULAR'),
(368, 343, 1, 'REGULAR'),
(369, 343, 1, 'BUENA'),
(370, 345, 1, 'BUENA'),
(371, 349, 1, 'MALA'),
(372, 350, 1, 'REGULAR'),
(373, 350, 1, 'BUENA'),
(374, 351, 1, 'BUENA'),
(375, 352, 1, 'MALA'),
(376, 353, 1, 'BUENA'),
(377, 353, 1, 'REGULAR'),
(378, 353, 1, 'REGULAR'),
(379, 353, 1, 'BUENA'),
(380, 353, 1, 'EXCELENTE'),
(381, 356, 1, 'MALA'),
(382, 356, 1, 'REGULAR'),
(383, 356, 1, 'EXCELENTE'),
(384, 356, 1, 'EXCELENTE'),
(385, 356, 1, 'MALA'),
(386, 359, 1, 'EXCELENTE'),
(387, 360, 1, 'REGULAR'),
(388, 360, 1, 'REGULAR'),
(389, 364, 1, 'EXCELENTE'),
(390, 364, 1, 'BUENA'),
(391, 364, 1, 'MALA'),
(392, 364, 1, 'REGULAR'),
(393, 366, 1, 'BUENA'),
(394, 369, 1, 'BUENA'),
(395, 369, 1, 'MALA'),
(396, 371, 1, 'BUENA'),
(397, 371, 1, 'REGULAR'),
(398, 371, 1, 'REGULAR'),
(399, 373, 1, 'BUENA'),
(400, 374, 1, 'EXCELENTE'),
(401, 375, 1, 'MALA'),
(402, 376, 1, 'REGULAR'),
(403, 377, 1, 'BUENA'),
(404, 57, 2, 'EXCELENTE'),
(405, 378, 1, 'MALA'),
(406, 378, 2, 'EXCELENTE'),
(407, 380, 1, 'REGULAR'),
(408, 381, 1, 'REGULAR'),
(409, 382, 1, 'EXCELENTE'),
(410, 383, 1, 'EXCELENTE'),
(411, 383, 2, 'MALA'),
(412, 382, 2, 'REGULAR'),
(413, 384, 1, 'EXCELENTE'),
(414, 384, 2, 'EXCELENTE'),
(415, 384, 3, 'MALA'),
(416, 384, 4, 'EXCELENTE'),
(417, 378, 3, 'REGULAR'),
(418, 378, 4, 'REGULAR'),
(419, 389, 1, 'EXCELENTE'),
(420, 389, 2, 'BUENA'),
(421, 389, 3, 'MALA'),
(422, 389, 3, 'REGULAR'),
(423, 390, 1, 'BUENA'),
(424, 391, 1, 'BUENA'),
(425, 392, 1, 'MALA'),
(426, 391, 2, 'BUENA'),
(427, 392, 2, 'REGULAR'),
(428, 391, 3, 'REGULAR'),
(429, 391, 4, 'BUENA'),
(430, 393, 1, 'BUENA'),
(431, 393, 2, 'MALA'),
(432, 394, 1, 'REGULAR'),
(433, 394, 2, 'BUENA'),
(434, 395, 1, 'BUENA'),
(435, 396, 1, 'MALA'),
(436, 396, 2, 'BUENA'),
(437, 396, 3, 'REGULAR'),
(438, 396, 4, 'REGULAR'),
(439, 397, 1, 'BUENA'),
(440, 397, 2, 'EXCELENTE'),
(441, 399, 1, 'MALA'),
(442, 401, 1, 'REGULAR'),
(443, 402, 1, 'BUENA'),
(444, 403, 1, 'EXCELENTE'),
(445, 404, 1, 'MALA'),
(446, 404, 2, 'EXCELENTE'),
(447, 406, 1, 'REGULAR'),
(448, 406, 2, 'REGULAR'),
(449, 405, 1, 'EXCELENTE'),
(450, 405, 2, 'EXCELENTE'),
(451, 409, 1, 'MALA'),
(452, 409, 2, 'REGULAR'),
(453, 409, 3, 'BUENA'),
(454, 410, 1, 'EXCELENTE'),
(455, 412, 1, 'MALA'),
(456, 413, 1, 'EXCELENTE'),
(457, 412, 1, 'REGULAR'),
(458, 417, 1, 'REGULAR'),
(459, 416, 1, 'EXCELENTE'),
(460, 417, 2, 'EXCELENTE'),
(461, 416, 2, 'MALA'),
(462, 416, 3, 'REGULAR'),
(463, 418, 1, 'BUENA'),
(464, 418, 2, 'EXCELENTE'),
(465, 419, 1, 'MALA'),
(466, 420, 1, 'EXCELENTE'),
(467, 421, 1, 'REGULAR'),
(468, 421, 2, 'REGULAR'),
(469, 421, 3, 'EXCELENTE'),
(470, 422, 1, 'BUENA'),
(471, 422, 2, 'MALA'),
(472, 424, 1, 'REGULAR'),
(473, 425, 1, 'BUENA'),
(474, 424, 2, 'BUENA'),
(475, 424, 3, 'MALA'),
(476, 424, 4, 'BUENA'),
(477, 426, 1, 'REGULAR'),
(478, 426, 2, 'REGULAR'),
(479, 427, 1, 'BUENA'),
(480, 427, 2, 'EXCELENTE'),
(481, 429, 1, 'MALA'),
(482, 429, 2, 'REGULAR'),
(483, 430, 1, 'EXCELENTE'),
(484, 430, 2, 'EXCELENTE'),
(485, 427, 3, 'MALA'),
(486, 427, 4, 'EXCELENTE'),
(487, 431, 1, 'REGULAR'),
(488, 432, 1, 'REGULAR'),
(489, 429, 3, 'EXCELENTE'),
(490, 433, 1, 'EXCELENTE'),
(491, 434, 1, 'MALA'),
(492, 436, 1, 'REGULAR'),
(493, 437, 1, 'BUENA'),
(494, 437, 2, 'EXCELENTE'),
(495, 438, 1, 'MALA'),
(496, 438, 2, 'EXCELENTE'),
(497, 438, 3, 'REGULAR'),
(498, 438, 4, 'REGULAR'),
(499, 439, 1, 'EXCELENTE'),
(500, 440, 1, 'EXCELENTE'),
(501, 441, 1, 'MALA'),
(502, 442, 1, 'REGULAR'),
(503, 443, 1, 'BUENA'),
(504, 442, 2, 'EXCELENTE'),
(505, 441, 2, 'MALA'),
(506, 444, 1, 'EXCELENTE'),
(507, 444, 2, 'REGULAR'),
(508, 444, 3, 'REGULAR'),
(509, 445, 1, 'EXCELENTE'),
(510, 446, 1, 'EXCELENTE'),
(511, 447, 1, 'MALA'),
(512, 447, 2, 'REGULAR'),
(513, 448, 1, 'EXCELENTE'),
(514, 449, 1, 'EXCELENTE'),
(515, 450, 1, 'MALA'),
(516, 451, 1, 'EXCELENTE'),
(517, 451, 2, 'REGULAR'),
(518, 453, 1, 'REGULAR'),
(519, 451, 3, 'EXCELENTE'),
(520, 454, 1, 'BUENA'),
(521, 454, 2, 'MALA'),
(522, 454, 3, 'REGULAR'),
(523, 454, 4, 'BUENA'),
(524, 455, 1, 'BUENA'),
(525, 454, 1, 'MALA'),
(526, 454, 1, 'BUENA'),
(527, 458, 1, 'REGULAR'),
(528, 458, 2, 'REGULAR'),
(529, 458, 3, 'BUENA'),
(530, 458, 4, 'BUENA'),
(531, 459, 1, 'MALA'),
(532, 460, 1, 'REGULAR'),
(533, 461, 1, 'BUENA'),
(534, 461, 2, 'BUENA'),
(535, 461, 3, 'MALA'),
(536, 461, 4, 'BUENA'),
(537, 462, 1, 'REGULAR'),
(538, 465, 1, 'REGULAR'),
(539, 466, 1, 'BUENA'),
(540, 466, 2, 'EXCELENTE'),
(541, 466, 3, 'MALA'),
(542, 466, 4, 'REGULAR'),
(543, 467, 1, 'BUENA'),
(544, 467, 2, 'EXCELENTE'),
(545, 468, 1, 'MALA'),
(546, 469, 1, 'EXCELENTE'),
(547, 470, 1, 'REGULAR'),
(548, 470, 2, 'REGULAR'),
(549, 470, 3, 'EXCELENTE'),
(550, 470, 4, 'EXCELENTE'),
(551, 472, 1, 'MALA'),
(552, 474, 1, 'REGULAR'),
(553, 474, 2, 'BUENA'),
(554, 475, 1, 'EXCELENTE'),
(555, 476, 1, 'MALA'),
(556, 476, 2, 'EXCELENTE'),
(557, 476, 3, 'REGULAR'),
(558, 476, 4, 'REGULAR'),
(559, 477, 1, 'EXCELENTE'),
(560, 478, 1, 'EXCELENTE'),
(561, 479, 1, 'MALA'),
(562, 478, 2, 'REGULAR'),
(563, 480, 1, 'BUENA'),
(564, 481, 1, 'EXCELENTE'),
(565, 482, 1, 'MALA'),
(566, 482, 2, 'EXCELENTE'),
(567, 483, 1, 'REGULAR'),
(568, 484, 1, 'REGULAR'),
(569, 484, 2, 'EXCELENTE'),
(570, 484, 3, 'BUENA'),
(571, 485, 1, 'MALA'),
(572, 486, 1, 'REGULAR'),
(573, 487, 1, 'BUENA'),
(574, 488, 1, 'BUENA'),
(575, 488, 2, 'MALA'),
(576, 488, 3, 'BUENA'),
(577, 488, 4, 'REGULAR'),
(578, 490, 1, 'REGULAR'),
(579, 490, 2, 'BUENA'),
(580, 491, 1, 'EXCELENTE'),
(581, 491, 2, 'MALA'),
(582, 493, 1, 'REGULAR'),
(583, 494, 1, 'EXCELENTE'),
(584, 494, 2, 'EXCELENTE'),
(585, 494, 3, 'MALA'),
(586, 495, 1, 'EXCELENTE'),
(587, 496, 1, 'REGULAR'),
(588, 496, 2, 'REGULAR'),
(589, 202, 2, 'EXCELENTE'),
(590, 497, 1, 'EXCELENTE'),
(591, 497, 2, 'MALA'),
(592, 497, 3, 'REGULAR'),
(593, 499, 1, 'BUENA'),
(594, 500, 1, 'EXCELENTE'),
(595, 501, 1, 'MALA'),
(596, 501, 2, 'EXCELENTE'),
(597, 501, 3, 'REGULAR'),
(598, 501, 3, 'REGULAR'),
(599, 501, 4, 'EXCELENTE'),
(600, 502, 1, 'EXCELENTE'),
(601, 439, 2, 'MALA'),
(602, 439, 3, 'REGULAR'),
(603, 439, 4, 'BUENA'),
(604, 503, 1, 'EXCELENTE'),
(605, 504, 1, 'MALA'),
(606, 504, 2, 'EXCELENTE'),
(607, 505, 1, 'REGULAR'),
(608, 504, 3, 'REGULAR'),
(609, 506, 1, 'EXCELENTE'),
(610, 508, 1, 'EXCELENTE'),
(611, 510, 1, 'MALA'),
(612, 511, 1, 'REGULAR'),
(613, 512, 1, 'EXCELENTE'),
(614, 482, 3, 'EXCELENTE'),
(615, 515, 1, 'MALA'),
(616, 515, 2, 'EXCELENTE'),
(617, 515, 3, 'REGULAR'),
(618, 516, 1, 'REGULAR'),
(619, 516, 2, 'EXCELENTE'),
(620, 516, 3, 'BUENA'),
(621, 515, 4, 'MALA'),
(622, 517, 1, 'REGULAR'),
(623, 518, 1, 'BUENA'),
(624, 519, 1, 'BUENA'),
(625, 520, 1, 'MALA'),
(626, 522, 1, 'BUENA'),
(627, 526, 1, 'REGULAR'),
(628, 527, 1, 'REGULAR'),
(629, 527, 2, 'BUENA'),
(630, 529, 1, 'BUENA'),
(631, 530, 1, 'MALA'),
(632, 531, 1, 'REGULAR'),
(633, 532, 1, 'BUENA'),
(634, 533, 1, 'BUENA'),
(635, 535, 1, 'MALA'),
(636, 535, 2, 'BUENA'),
(637, 535, 3, 'REGULAR'),
(638, 536, 1, 'REGULAR'),
(639, 491, 3, 'BUENA'),
(640, 537, 1, 'EXCELENTE'),
(641, 538, 1, 'MALA'),
(642, 103, 2, 'REGULAR'),
(643, 539, 1, 'BUENA'),
(644, 539, 1, 'EXCELENTE'),
(645, 542, 1, 'MALA'),
(646, 543, 1, 'EXCELENTE'),
(647, 543, 2, 'REGULAR'),
(648, 543, 3, 'REGULAR'),
(649, 105, 1, 'EXCELENTE'),
(650, 255, 2, 'EXCELENTE'),
(651, 543, 4, 'MALA'),
(652, 105, 2, 'REGULAR'),
(653, 544, 1, 'BUENA'),
(654, 255, 3, 'EXCELENTE'),
(655, 544, 2, 'MALA'),
(656, 544, 3, 'EXCELENTE'),
(657, 544, 4, 'REGULAR'),
(658, 545, 1, 'REGULAR'),
(659, 546, 1, 'EXCELENTE'),
(660, 546, 2, 'EXCELENTE'),
(661, 202, 3, 'MALA'),
(662, 105, 3, 'REGULAR'),
(663, 547, 1, 'BUENA'),
(664, 547, 2, 'EXCELENTE'),
(665, 547, 3, 'MALA'),
(666, 548, 1, 'EXCELENTE'),
(667, 548, 2, 'REGULAR'),
(668, 547, 4, 'REGULAR'),
(669, 549, 1, 'EXCELENTE'),
(670, 549, 2, 'BUENA'),
(671, 548, 3, 'MALA'),
(672, 548, 4, 'REGULAR'),
(673, 550, 1, 'BUENA'),
(674, 551, 1, 'BUENA'),
(675, 552, 1, 'MALA'),
(676, 552, 2, 'BUENA'),
(677, 552, 3, 'REGULAR'),
(678, 553, 1, 'REGULAR'),
(679, 553, 2, 'BUENA'),
(680, 554, 1, 'EXCELENTE'),
(681, 554, 2, 'MALA'),
(682, 554, 3, 'REGULAR'),
(683, 554, 4, 'EXCELENTE'),
(684, 555, 1, 'EXCELENTE'),
(685, 556, 1, 'MALA'),
(686, 557, 1, 'EXCELENTE'),
(687, 557, 2, 'REGULAR'),
(688, 558, 1, 'REGULAR'),
(689, 557, 3, 'EXCELENTE'),
(690, 558, 2, 'EXCELENTE'),
(691, 557, 4, 'MALA'),
(692, 558, 3, 'REGULAR'),
(693, 558, 4, 'BUENA'),
(694, 559, 1, 'EXCELENTE'),
(695, 560, 1, 'MALA'),
(696, 560, 2, 'EXCELENTE'),
(697, 561, 1, 'REGULAR'),
(698, 562, 1, 'REGULAR'),
(699, 562, 2, 'EXCELENTE'),
(700, 563, 1, 'BUENA'),
(701, 563, 1, 'MALA'),
(702, 565, 1, 'REGULAR'),
(703, 99, 2, 'BUENA'),
(704, 565, 2, 'BUENA'),
(705, 99, 3, 'MALA'),
(706, 565, 3, 'BUENA'),
(707, 565, 4, 'REGULAR'),
(708, 566, 1, 'REGULAR'),
(709, 566, 2, 'BUENA'),
(710, 567, 1, 'EXCELENTE'),
(711, 567, 2, 'MALA'),
(712, 567, 3, 'REGULAR'),
(713, 567, 4, 'EXCELENTE'),
(714, 569, 1, 'EXCELENTE'),
(715, 570, 1, 'MALA'),
(716, 571, 1, 'EXCELENTE'),
(717, 572, 1, 'REGULAR'),
(718, 573, 1, 'REGULAR'),
(719, 569, 2, 'EXCELENTE'),
(720, 573, 2, 'BUENA'),
(721, 575, 1, 'MALA'),
(722, 576, 1, 'REGULAR'),
(723, 414, 1, 'BUENA'),
(724, 577, 1, 'BUENA'),
(725, 578, 1, 'MALA'),
(726, 580, 1, 'BUENA'),
(727, 580, 2, 'REGULAR'),
(728, 580, 3, 'REGULAR'),
(729, 580, 4, 'BUENA'),
(730, 581, 1, 'BUENA'),
(731, 582, 1, 'MALA'),
(732, 202, 4, 'REGULAR'),
(733, 583, 1, 'BUENA'),
(734, 584, 1, 'BUENA'),
(735, 585, 1, 'MALA'),
(736, 586, 1, 'BUENA'),
(737, 586, 2, 'REGULAR'),
(738, 587, 1, 'REGULAR'),
(739, 589, 1, 'BUENA'),
(740, 590, 1, 'BUENA'),
(741, 591, 1, 'MALA'),
(742, 591, 2, 'REGULAR'),
(743, 591, 1, 'BUENA'),
(744, 69, 1, 'BUENA'),
(745, 69, 1, 'MALA'),
(746, 69, 1, 'BUENA'),
(747, 596, 1, 'REGULAR'),
(748, 69, 1, 'REGULAR'),
(749, 69, 1, 'BUENA'),
(750, 69, 1, 'BUENA'),
(751, 69, 1, 'MALA'),
(752, 69, 1, 'REGULAR'),
(753, 602, 1, 'BUENA'),
(754, 602, 2, 'BUENA'),
(755, 69, 1, 'MALA'),
(756, 605, 1, 'BUENA'),
(757, 591, 1, 'REGULAR'),
(758, 69, 1, 'REGULAR'),
(759, 69, 1, 'BUENA'),
(760, 611, 1, 'BUENA'),
(761, 610, 1, 'MALA'),
(762, 609, 1, 'REGULAR'),
(763, 609, 2, 'BUENA'),
(764, 609, 3, 'BUENA'),
(765, 609, 4, 'MALA'),
(766, 613, 1, 'BUENA'),
(767, 613, 2, 'REGULAR'),
(768, 613, 3, 'REGULAR'),
(769, 614, 1, 'BUENA'),
(770, 614, 1, 'BUENA'),
(771, 615, 1, 'MALA'),
(772, 616, 1, 'REGULAR'),
(773, 618, 1, 'BUENA'),
(774, 618, 2, 'BUENA'),
(775, 618, 3, 'MALA'),
(776, 618, 4, 'BUENA'),
(777, 619, 1, 'REGULAR'),
(778, 619, 2, 'REGULAR'),
(779, 620, 1, 'BUENA'),
(780, 621, 1, 'EXCELENTE'),
(781, 622, 1, 'MALA'),
(782, 623, 1, 'REGULAR'),
(783, 624, 1, 'EXCELENTE'),
(784, 624, 2, 'EXCELENTE'),
(785, 625, 1, 'MALA'),
(786, 625, 2, 'EXCELENTE'),
(787, 624, 3, 'REGULAR'),
(788, 626, 1, 'REGULAR'),
(789, 627, 1, 'EXCELENTE'),
(790, 585, 2, 'BUENA'),
(791, 628, 1, 'MALA'),
(792, 629, 1, 'REGULAR'),
(793, 630, 1, 'BUENA'),
(794, 630, 2, 'BUENA'),
(795, 631, 1, 'MALA'),
(796, 632, 1, 'BUENA'),
(797, 631, 2, 'REGULAR'),
(798, 634, 1, 'REGULAR'),
(799, 635, 1, 'BUENA'),
(800, 635, 2, 'EXCELENTE'),
(801, 635, 3, 'MALA'),
(802, 437, 3, 'REGULAR'),
(803, 636, 1, 'EXCELENTE'),
(804, 637, 1, 'EXCELENTE'),
(805, 638, 1, 'MALA'),
(806, 639, 1, 'EXCELENTE'),
(807, 640, 1, 'REGULAR'),
(808, 641, 1, 'REGULAR'),
(809, 641, 2, 'EXCELENTE'),
(810, 642, 1, 'EXCELENTE'),
(811, 643, 1, 'EXCELENTE');

-- --------------------------------------------------------

--
-- Estructura de tabla para la tabla `departamento`
--

CREATE TABLE `departamento` (
  `idDepartamento` int(11) NOT NULL,
  `nombre` varchar(80) DEFAULT NULL
) ENGINE=MyISAM DEFAULT CHARSET=latin1;

--
-- Volcado de datos para la tabla `departamento`
--

INSERT INTO `departamento` (`idDepartamento`, `nombre`) VALUES
(1, 'Amazonas'),
(2, 'Antioquia'),
(3, 'Arauca'),
(4, 'Atlántico'),
(5, 'Bolívar'),
(6, 'Boyacá'),
(7, 'Caldas'),
(8, 'Caquetá'),
(9, 'Casanare'),
(10, 'Cauca'),
(11, 'Cesar'),
(12, 'Chocó'),
(13, 'Córdoba'),
(14, 'Cundinamarca'),
(15, 'Güainia'),
(16, 'Guaviare'),
(17, 'Huila'),
(18, 'La Guajira'),
(19, 'Magdalena'),
(20, 'Meta'),
(21, 'Nariño'),
(22, 'Norte de Santander'),
(23, 'Putumayo'),
(24, 'Quindo'),
(25, 'Risaralda'),
(26, 'San Andrés y Providencia'),
(27, 'Santander'),
(28, 'Sucre'),
(29, 'Tolima'),
(30, 'Valle del Cauca'),
(31, 'Vaupés'),
(32, 'Vichada');

-- --------------------------------------------------------

--
-- Estructura de tabla para la tabla `encuesta`
--

CREATE TABLE `encuesta` (
  `id_encuesta` int(11) NOT NULL,
  `pregunta` varchar(300) NOT NULL,
  `activo` int(1) NOT NULL
) ENGINE=InnoDB DEFAULT CHARSET=latin1;

--
-- Volcado de datos para la tabla `encuesta`
--

INSERT INTO `encuesta` (`id_encuesta`, `pregunta`, `activo`) VALUES
(1, '¿COMO LES PARECE LA IMAGEN O PRESENTACION DEL PARQUE SIMON BOLIVAR?', 1),
(2, '¿QUE TAL, EL SERVICIO DE WIFI EN EL PARQUE?', 1),
(3, '¿COMO LES PARECIO LAS FIESTAS DECEMBRINAS AÑO 2016?', 1),
(4, '¿COMO LES PARECIO LAS FIESTA DE OCTUBRE AÑO 2016?', 1),
(5, '', 1),
(6, '', 1);

-- --------------------------------------------------------

--
-- Estructura de tabla para la tabla `pines`
--

CREATE TABLE `pines` (
  `id_pin` int(11) NOT NULL,
  `key_pin` varchar(11) NOT NULL,
  `activo` int(1) NOT NULL DEFAULT '0'
) ENGINE=InnoDB DEFAULT CHARSET=latin1;

--
-- Volcado de datos para la tabla `pines`
--

INSERT INTO `pines` (`id_pin`, `key_pin`, `activo`) VALUES
(1, '45sasd12d', 1),
(2, '545asa12', 1),
(3, '454642sdsad', 1),
(4, '54as65d4as', 1),
(5, '1d2f4g5h', 1),
(6, 'qepova86', 1),
(7, 'visume77', 1),
(8, 'dikeha79', 1),
(9, 'sejiya65', 1),
(10, 'maheja82', 1),
(11, 'qizuto78', 1),
(12, 'hacigo58', 1),
(13, 'zuhuyu44', 1),
(14, 'boqete54', 1),
(15, 'tigidu45', 1),
(16, 'ceyeci32', 1),
(17, 'giyaje54', 1),
(18, 'xasika82', 1),
(19, 'naqocu23', 0),
(20, 'fumeki46', 0),
(21, 'betene74', 0),
(22, 'hezomu79', 0),
(23, 'yepadi34', 0),
(24, 'niqufu53', 0),
(25, 'capike97', 0),
(26, 'quhatu97', 0),
(27, 'girebu75', 0),
(28, 'kejifo73', 0),
(29, 'yeweno92', 0),
(30, 'recega95', 0),
(31, 'powimi28', 0),
(32, 'wekada32', 0),
(33, 'kakuve95', 0),
(34, 'quvubo46', 0),
(35, 'kadusa65', 0),
(36, 'punoco75', 0),
(37, 'vahima29', 0),
(38, 'fovepa89', 0),
(39, 'futuce46', 0),
(40, 'jugiqu84', 0),
(41, 'zayehu45', 0),
(42, 'tarefi34', 0),
(43, 'jufehi96', 0),
(44, 'jabucu42', 0),
(45, 'zemefo79', 0),
(46, 'xegati52', 0),
(47, 'komode45', 0),
(48, 'qemodo72', 0),
(49, 'xajawu97', 0),
(50, 'hevure22', 0),
(51, 'xisawu64', 0),
(52, 'fubeqo55', 0),
(53, 'toqiri49', 0),
(54, 'vaxihu53', 0),
(55, 'jafabo63', 0),
(56, 'fQCT', 0),
(57, 'mV7v', 0),
(58, 'LeNk', 0),
(59, 'ROso', 0),
(60, 'aSpq', 0),
(61, 'bWDl', 0),
(62, 'Ugkq', 0),
(63, 'dJH4', 0),
(64, 'kWV0', 0),
(65, 'Ov3D', 0),
(66, 'iFKr', 0),
(67, '32ue', 0),
(68, 'LqPW', 0),
(69, 'Nd2S', 0),
(70, 'ZqMx', 0),
(71, 'tRvw', 0),
(72, 'tLfx', 0),
(73, 'Jc7b', 0),
(74, 'qoFG', 0),
(75, 'csBk', 0),
(76, 'qQf', 0),
(77, '7TyW', 0),
(78, 'p29H', 0),
(79, '7uwP', 0),
(80, 'oo0b', 0),
(81, 'AEAN', 0),
(82, 'i2g8', 0),
(83, 'GczL', 0),
(84, 'gstP', 0),
(85, 'QW72', 0),
(86, 'W1d7', 0),
(87, 'sRz8', 0),
(88, 'Cq6', 0),
(89, 'eAs', 0),
(90, 'qfeq', 0),
(91, 'uXwN', 0),
(92, 'guYs', 0),
(93, 'GWAq', 0),
(94, 'KvKG', 0),
(95, 'D9ct', 0),
(96, 'anDj', 0),
(97, 'za1z', 0),
(98, 'e1CB', 0),
(99, 'qj0M', 0),
(100, 'NE9w', 0),
(101, 'KHcm', 0),
(102, 'EAv', 0),
(103, 'oF2k', 0),
(104, '1m1F', 0),
(105, 'RrbQ', 0),
(106, '0v8q', 0),
(107, 'Lb02', 0),
(108, '1eLd', 0),
(109, '7dgG', 0),
(110, 'OqMR', 0),
(111, '9k7Q', 0),
(112, 'z8Eo', 0),
(113, 'pJmC', 0),
(114, '3A5M', 0),
(115, '9hF2', 0),
(116, 'NgrY', 0),
(117, 'JsJK', 0),
(118, 'cjjH', 0),
(119, 'PbId', 0),
(120, 'QLRj', 0),
(121, 'YEaZ', 0),
(122, 'luCg', 0),
(123, 'UDnR', 0),
(124, 'wmlD', 0),
(125, 'kzwi', 0),
(126, 'QgwS', 0),
(127, 'OtEh', 0),
(128, 'SOdG', 0),
(129, 'bqIl', 0),
(130, 'yykf', 0),
(131, 'KivC', 0),
(132, 'ioOg', 0),
(133, 'LTXn', 0),
(134, '37vG', 0),
(135, 'YsyD', 0),
(136, 'X4kr', 0),
(137, '7M0L', 0),
(138, '2ZFD', 0),
(139, '6wcE', 0),
(140, 'elP3', 0),
(141, 'qpRR', 0),
(142, 'RNDX', 0),
(143, 'ZTyK', 0),
(144, 'tveB', 0),
(145, '6YNe', 0),
(146, '8HK', 0),
(147, 'wvjl', 0),
(148, 'OXmB', 0),
(149, 'e3MC', 0),
(150, 'gajr', 0),
(151, 'C0KS', 0),
(152, 'vUWo', 0),
(153, 'ZCUE', 0),
(154, 'pQXP', 0),
(155, '94UU', 0),
(156, 'gCfm', 0),
(157, 'AEY2', 0),
(158, '6aWV', 0),
(159, 'GpRH', 0),
(160, 'ToxY', 0),
(161, '6HTX', 0),
(162, 'zUeQ', 0),
(163, 'PBac', 0),
(164, 'GCfu', 0),
(165, 'Ocw', 0),
(166, 'xHoL', 0),
(167, 'qBiU', 0),
(168, 'zy0E', 0),
(169, 'K9Qz', 0),
(170, 'qLrn', 0),
(171, 'OnEJ', 0),
(172, 'DaeK', 0),
(173, 'EA8k', 0),
(174, '7Sv', 0),
(175, 'EvS', 0),
(176, 'DcLE', 0),
(177, '3lWH', 0),
(178, 'mxk2', 0),
(179, 'gk6z', 0),
(180, 'ObCF', 0),
(181, 'PV1B', 0),
(182, 'FRMi', 0),
(183, 'ddNo', 0),
(184, 'w7q2', 0),
(185, 'bdcp', 0),
(186, 'k3xl', 0),
(187, 'tvZ3', 0),
(188, 'GhzK', 0),
(189, 'O7D', 0),
(190, '8SUB', 0),
(191, 't0Hp', 0),
(192, 'OsNC', 0),
(193, 'Q4pe', 0),
(194, 'TrkZ', 0),
(195, '0x8v', 0),
(196, 'tnlT', 0),
(197, 'DmB7', 0),
(198, 'BrTH', 0),
(199, 'NXCz', 0),
(200, 'KnpZ', 0),
(201, 'tz2Z', 0),
(202, '0fac', 0),
(203, '9oFZ', 0),
(204, 'GhEM', 0),
(205, 'eY5N', 0),
(206, '1Zuf', 0),
(207, 'kaIp', 0),
(208, 'JSFX', 0),
(209, 'D4WA', 0),
(210, 'LrBO', 0),
(211, 'bFOf', 0),
(212, 'hajD', 0),
(213, 'e4O', 0),
(214, 'NFa8', 0),
(215, 'TCJg', 0),
(216, 'LFRM', 0),
(217, 'DilT', 0),
(218, 'aLVl', 0),
(219, 'bPyu', 0),
(220, 'wkUf', 0),
(221, '8YI6', 0),
(222, 'KFp5', 0),
(223, 'zAx', 0),
(224, 'sPML', 0),
(225, 'oFZx', 0),
(226, 'YeKm', 0),
(227, 'faOd', 0),
(228, 'DT4K', 0),
(229, '28W6', 0),
(230, 'ZL5O', 0),
(231, 'jkim', 0),
(232, 'kntK', 0),
(233, '1t6A', 0),
(234, 'Z8Ot', 0),
(235, 'D3ze', 0),
(236, 'IJ7k', 0),
(237, 'XOZ', 0),
(238, '8De', 0),
(239, 'ZuUV', 0),
(240, 'jkY', 0),
(241, 'dihd', 0),
(242, 'HdPR', 0),
(243, 'BZrM', 0),
(244, 'i6KQ', 0),
(245, 'kKF', 0),
(246, 'KXcy', 0),
(247, 'aYjd', 0),
(248, 'scni', 0),
(249, 'f0ZR', 0),
(250, 'd2l2', 0),
(251, 'ZdO', 0),
(252, 'Uvd4', 0),
(253, 'sYOH', 0),
(254, 'VBfd', 0),
(255, 'Ud1T', 0),
(256, 'juw9', 0),
(257, 'KbDj', 0),
(258, '1EtZ', 0),
(259, 'ptxP', 0),
(260, 'KX6R', 0),
(261, '1JjY', 0),
(262, 'EuoO', 0),
(263, '7qLf', 0),
(264, 'GFCj', 0),
(265, 'T6qW', 0),
(266, 't9UI', 0),
(267, 'xf2u', 0),
(268, 'V5lD', 0),
(269, '7naQ', 0),
(270, 'i1NA', 0),
(271, 'WOmv', 0),
(272, 'YueZ', 0),
(273, 'JLmo', 0),
(274, 'JB6s', 0),
(275, 'OE08', 0),
(276, 'cMDx', 0),
(277, 'p5Ff', 0),
(278, 'vrqq', 0),
(279, '0z6n', 0),
(280, 'X4Js', 0),
(281, 'W3Lq', 0),
(282, 'x3Cj', 0),
(283, 'hs3P', 0),
(284, '5oLE', 0),
(285, 'poSe', 0),
(286, 'r3sY', 0),
(287, 'eBv3', 0),
(288, 'OoPl', 0),
(289, 'FMtT', 0),
(290, 'QRzS', 0),
(291, 'igbs', 0),
(292, 'vsx', 0),
(293, 'Ezwz', 0),
(294, '1Iqm', 0),
(295, 'hi4d', 0),
(296, 'IHa', 0),
(297, 'CMKZ', 0),
(298, 'DotD', 0),
(299, 'EBqu', 0),
(300, 'cA6i', 0),
(301, 'p0NJ', 0),
(302, '9BF', 0),
(303, 'Dedq', 0),
(304, 'V5lo', 0),
(305, 'KvZa', 0),
(306, 'COtj', 0),
(307, '5uDx', 0),
(308, '4vrh', 0),
(309, 'apHI', 0),
(310, 'wmB6', 0),
(311, '6Rvm', 0),
(312, 'DmDv', 0),
(313, 'dvJd', 0),
(314, '8vmL', 0),
(315, 'g2QV', 0),
(316, 'tc5w', 0),
(317, 'Fm1K', 0),
(318, 'Z2w8', 0),
(319, 'og5T', 0),
(320, 'eHce', 0),
(321, 'EekP', 0),
(322, 'O0qQ', 0),
(323, 'NZz0', 0),
(324, '88C', 0),
(325, 'XNpc', 0),
(326, 'BbQe', 0),
(327, 'cKBf', 0),
(328, 'ofKi', 0),
(329, 'IHbe', 0),
(330, 'A25t', 0),
(331, 'SyfY', 0),
(332, 'ONUG', 0),
(333, 'ZViD', 0),
(334, '0An7', 0),
(335, 'ABIb', 0),
(336, '2bWV', 0),
(337, 'wOGK', 0),
(338, 'F4Hc', 0),
(339, 'rQjm', 0),
(340, 'Fw6H', 0),
(341, 'iz1n', 0),
(342, 'SZ4g', 0),
(343, 'Yjxl', 0),
(344, 'NKlp', 0),
(345, 'VmJ0', 0),
(346, 'hTOk', 0),
(347, '9mk0', 0),
(348, 'cesv', 0),
(349, '7SVZ', 0),
(350, 'Df4j', 0),
(351, 'WJ6V', 0),
(352, 'RMIr', 0),
(353, 'GUhV', 0),
(354, 'hruY', 0),
(355, 'IGtr', 0),
(356, 'F3XO', 0),
(357, '0ys', 0),
(358, 'i3bg', 0),
(359, '4Eco', 0),
(360, 'P4rY', 0),
(361, 'cOvH', 0),
(362, 'la5e', 0),
(363, '41U7', 0),
(364, 'hEKp', 0),
(365, '5Iar', 0),
(366, '7Qwb', 0),
(367, 'iwcZ', 0),
(368, 'D2VR', 0),
(369, 'gvbb', 0),
(370, 'Ze4z', 0),
(371, 'QGt', 0),
(372, 'cAAh', 0),
(373, 'BqXb', 0),
(374, 'zRKc', 0),
(375, 'ILlL', 0),
(376, 'cXzg', 0),
(377, 'GlpB', 0),
(378, 'GjWa', 0),
(379, 'S1f6', 0),
(380, 'fpd', 0),
(381, 'TUFo', 0),
(382, 'YfZK', 0),
(383, '8sa6', 0),
(384, 'IczO', 0),
(385, 'xMAs', 0),
(386, 'dxId', 0),
(387, 'pN4M', 0),
(388, 'MfgG', 0),
(389, 'o8xJ', 0),
(390, 'sNlt', 0),
(391, '50Jt', 0),
(392, 'SC22', 0),
(393, 'PUKY', 0),
(394, 'gwkz', 0),
(395, 'zTP3', 0),
(396, 'Gpdf', 0),
(397, 'JlJi', 0),
(398, 'ECXK', 0),
(399, 'COLf', 0),
(400, 'PLCr', 0),
(401, 'i2Np', 0),
(402, 'lull', 0),
(403, 'J3pW', 0),
(404, 'b4qu', 0),
(405, 'XKcA', 0),
(406, 'GOJy', 0),
(407, 'tKop', 0),
(408, 'OPEW', 0),
(409, '3Ejp', 0),
(410, 'QjWt', 0),
(411, 'r4lV', 0),
(412, 'GdiZ', 0),
(413, 'cvgV', 0),
(414, 'WfLZ', 0),
(415, 'gYQU', 0),
(416, 'sfM2', 0),
(417, 'GWZK', 0),
(418, 'YxV', 0),
(419, 'uX5', 0),
(420, 'tqD0', 0),
(421, 'g7ku', 0),
(422, 'LoG3', 0),
(423, 'AOXg', 0),
(424, 'A8VG', 0),
(425, 'j8rH', 0),
(426, 'hrNo', 0),
(427, 'x5wO', 0),
(428, 'KvDq', 0),
(429, 'lylv', 0),
(430, 'xb9f', 0),
(431, 'lmKd', 0),
(432, 'qPGC', 0),
(433, 'ajCg', 0),
(434, 'quH8', 0),
(435, 'Seqp', 0),
(436, 'xMUP', 0),
(437, '3Du', 0),
(438, 'O9ty', 0),
(439, '82kq', 0),
(440, '5Z6q', 0),
(441, 'JTA3', 0),
(442, 'gopg', 0),
(443, 'zNt6', 0),
(444, 'Tq6F', 0),
(445, 'jIF9', 0),
(446, '4BC4', 0),
(447, '6a9a', 0),
(448, '9Xj', 0),
(449, 'WhKh', 0),
(450, 'e1d', 0);

-- --------------------------------------------------------

--
-- Estructura de tabla para la tabla `usuario`
--

CREATE TABLE `usuario` (
  `id_usuario` int(11) NOT NULL,
  `nom_usuario` varchar(120) NOT NULL,
  `edad` int(2) NOT NULL,
  `ocupacion` varchar(20) NOT NULL,
  `genero` varchar(2) NOT NULL,
  `ciudad` varchar(120) NOT NULL,
  `dispositivo` varchar(10) NOT NULL,
  `tdc` varchar(5) NOT NULL,
  `ndc` int(20) NOT NULL,
  `ff_hh` datetime NOT NULL,
  `email` varchar(120) NOT NULL,
  `encuesta` int(3) NOT NULL DEFAULT '0'
) ENGINE=InnoDB DEFAULT CHARSET=latin1;

--
-- Volcado de datos para la tabla `usuario`
--

INSERT INTO `usuario` (`id_usuario`, `nom_usuario`, `edad`, `ocupacion`, `genero`, `ciudad`, `dispositivo`, `tdc`, `ndc`, `ff_hh`, `email`, `encuesta`) VALUES
(3, 'oscar amortegui', 29, 'COMERCIANTE', 'M', 'Girardot', 'CELULAR', 'CC', 1108452823, '2017-05-11 10:05:04', '', 0),
(4, '', 0, 'ESTUDIANTE', 'M', 'Girardot', 'CELULAR', 'CC', 0, '2017-05-11 11:05:26', '', 1),
(5, 'oscar amortegui', 50, 'INDEPENDIENTE', 'M', 'Girardot', 'OTROS', 'CC', 1020304050, '2017-05-11 11:05:23', 'oskrjag@gmail.com', 0),
(6, 'camilo andres fuentes', 22, 'COMERCIANTE', 'M', 'Girardot', 'IPAD', 'CC', 56789, '2017-05-12 05:05:13', 'camilo@gmail.com', 1),
(7, 'camilo andres fuentes', 38, 'INDEPENDIENTE', 'M', 'Girardot', 'CELULAR', 'CC', 1122334455, '2017-05-26 10:05:19', 'fuentes@gmail.com', 1),
(8, 'argimiro', 25, 'ESTUDIANTE', 'M', 'Carmen de Apicalá', 'CELULAR', 'CC', 1234, '2017-05-26 10:05:21', 'argimiro@gmail.com', 1),
(9, 'Alvaro javier Olarte Barbosa', 24, 'EMPLEADO', 'M', 'Girardot', 'CELULAR', 'CC', 1070607737, '2017-06-08 08:06:43', 'alvaroolartebarbosa@gmail.com', 1),
(10, 'Clemencuo', 21, 'EMPLEADO', 'M', 'Girardot', 'CELULAR', 'CC', 123, '2017-06-08 02:06:56', 'clmwncio@gmail.com', 1),
(11, 'Edis culma cruz', 32, 'EMPLEADO', 'M', 'Girardot', 'CELULAR', 'CC', 14013111, '2017-06-08 02:06:09', 'edisculmacruz@gmail.com', 0),
(12, 'Edis culma cruz', 32, 'EMPLEADO', 'M', 'Ibagué', 'CELULAR', 'CC', 14013111, '2017-06-08 02:06:48', 'edisculmacruz@gmail.com', 0),
(13, 'Edis culma cruz', 32, 'EMPLEADO', 'M', 'Ibague', 'CELULAR', 'CC', 14013111, '2017-06-08 02:06:41', 'edisculmacruz@gmail.com', 0),
(14, 'Carola', 35, 'EMPLEADO', 'F', 'Bogotá', 'CELULAR', 'CC', 52847620, '2017-06-08 05:06:21', 'napolitanaf2@hotmail.com', 1),
(15, 'Angela alape', 23, 'ESTUDIANTE', 'F', 'Girardot', 'CELULAR', 'CC', 106988523, '2017-06-08 05:06:42', '', 1),
(16, 'Angela alape', 23, 'ESTUDIANTE', 'F', 'Girardot', 'CELULAR', 'CC', 106988523, '2017-06-08 05:06:45', '', 0),
(17, 'David', 40, 'EMPLEADO', 'M', 'Bogotá', 'CELULAR', 'CC', 79800462, '2017-06-08 05:06:16', 'decaro80@hotmail.com', 1),
(18, 'Carlos', 32, 'EMPLEADO', 'M', 'Flandes', 'CELULAR', 'CC', 12345, '2017-06-09 10:06:44', 'carlos@gmail.com', 1),
(19, 'sddfdsf', 45, 'EMPLEADO', 'M', 'Flandes', 'CELULAR', 'CC', 12345678, '2017-06-09 11:06:27', 'HGJHGH@GMSAIL.COM', 2),
(20, 'Clemencuo', 32, 'EMPLEADO', 'M', 'Flandes', 'IPAD', 'CC', 12345, '2017-06-09 12:06:15', 'clmwncio@gmail.com', 0),
(21, 'William yovanny', 26, 'EMPLEADO', 'M', 'Girardot', 'CELULAR', 'CC', 1070602992, '2017-06-09 12:06:34', 'adrianaramirez1402@hotmail.com', 1),
(22, 'ZULY DEL S NAVARRO VILLANUEVA', 33, 'EMPLEADO', 'F', 'Girardot', 'CELULAR', 'CC', 39562177, '2017-06-09 12:06:32', 'zulyaboga@yahoo.com', 1),
(23, 'LADY BARRIOS ', 27, 'ESTUDIANTE', 'F', 'Girardot', 'CELULAR', 'CC', 1070601892, '2017-06-09 03:06:31', 'ladybarriosfcb@hotmail.com', 1),
(24, 'Leidy ', 21, 'ESTUDIANTE', 'F', 'Girardot', 'CELULAR', 'CC', 1070618944, '2017-06-09 03:06:56', 'lrodriguez8744@misena.edu.co', 0),
(25, 'heidy garcia', 32, 'INDEPENDIENTE', 'F', 'Bogotá', 'CELULAR', 'CC', 53166002, '2017-06-09 03:06:45', 'sterlingnaklia@hotmail.com', 1),
(26, 'Carlos', 21, 'EMPLEADO', 'M', 'Ricaurte', 'CELULAR', 'CC', 2222, '2017-06-09 04:06:22', 'cgt@gmail.com', 1),
(27, 'Jeferso  rengifo', 20, 'TURISTA', 'M', 'Girardot', 'CELULAR', 'CC', 1070519509, '2017-06-09 08:06:17', 'jefersonandres1996@hotmal.com', 1),
(28, 'Viviana arias', 29, 'EMPLEADO', 'F', 'Girardot', 'CELULAR', 'CC', 1070592569, '2017-06-09 10:06:14', 'yulyv_200@hotmail.com', 0),
(29, 'Viviana arias', 29, 'EMPLEADO', 'F', 'Girardot', 'CELULAR', 'CC', 1070592569, '2017-06-09 10:06:17', 'yulyv_200@hotmail.com', 0),
(30, 'Viviana arias', 29, 'COMERCIANTE', 'F', 'Girardot', 'CELULAR', 'CC', 1070592569, '2017-06-09 10:06:38', 'yulyv_200@hotmail.com', 0),
(31, 'Viviana arias', 29, 'COMERCIANTE', 'F', 'Girardot', 'CELULAR', 'CC', 1070592569, '2017-06-09 10:06:39', 'yulyv_200@hotmail.com', 0),
(32, 'Viviana arias', 29, 'COMERCIANTE', 'F', 'Girardot', 'CELULAR', 'CC', 1070592569, '2017-06-09 10:06:39', 'yulyv_200@hotmail.com', 0),
(33, 'Viviana arias', 29, 'COMERCIANTE', 'F', 'Girardot', 'CELULAR', 'CC', 1070592569, '2017-06-09 10:06:39', 'yulyv_200@hotmail.com', 0),
(34, 'Viviana arias', 29, 'COMERCIANTE', 'F', 'Girardot', 'CELULAR', 'CC', 1070592569, '2017-06-09 10:06:39', 'yulyv_200@hotmail.com', 0),
(35, 'Viviana arias', 29, 'COMERCIANTE', 'F', 'Girardot', 'CELULAR', 'CC', 1070592569, '2017-06-09 10:06:39', 'yulyv_200@hotmail.com', 0),
(36, 'Viviana arias', 29, 'COMERCIANTE', 'F', 'Girardot', 'CELULAR', 'CC', 1070592569, '2017-06-09 10:06:39', 'yulyv_200@hotmail.com', 0),
(37, 'Viviana arias', 29, 'COMERCIANTE', 'F', 'Girardot', 'CELULAR', 'CC', 1070592569, '2017-06-09 10:06:47', 'yulyv_200@hotmail.com', 0),
(38, 'Sergio Vásquez rodriguez', 31, 'EMPLEADO', 'M', 'Guamo', 'CELULAR', 'CC', 1108928302, '2017-06-10 08:06:06', '', 1),
(39, 'Sergio Vásquez rodriguez', 31, 'TURISTA', 'M', 'Guamo', 'CELULAR', 'CC', 1108928302, '2017-06-10 08:06:52', '', 0),
(40, 'Sergio Vásquez rodriguez', 31, 'TURISTA', 'M', 'Guamo', 'CELULAR', 'CC', 1108928302, '2017-06-10 08:06:20', '', 0),
(41, 'Sergio Vásquez rodriguez', 31, 'EMPLEADO', 'M', 'Guamo', 'CELULAR', 'CC', 1108928302, '2017-06-10 08:06:06', '', 0),
(42, 'Sergio Vásquez rodriguez', 31, 'EMPLEADO', 'M', 'Girardot', 'CELULAR', 'CC', 1108928302, '2017-06-10 08:06:56', '', 0),
(43, 'Jackeline vasquez', 31, 'ESTUDIANTE', 'M', 'Girardot', 'CELULAR', 'CC', 1108929078, '2017-06-10 08:06:59', '', 1),
(44, 'Sergio Vásquez rodriguez', 31, 'EMPLEADO', 'M', 'Guamo', 'CELULAR', 'CC', 1108928302, '2017-06-10 08:06:11', '', 0),
(45, 'Jackeline vasquez', 31, 'ESTUDIANTE', 'F', 'Girardot', 'CELULAR', 'CC', 1108929078, '2017-06-10 08:06:04', '', 0),
(46, 'Sergio Vásquez rodriguez', 31, 'EMPLEADO', 'M', 'Guamo', 'CELULAR', 'CC', 1108928302, '2017-06-10 08:06:00', '', 0),
(47, 'Jairo lopez', 41, 'EMPLEADO', 'M', 'Girardot', 'PORTATIL', 'CC', 79822087, '2017-06-10 10:06:43', '', 0),
(48, 'Brayan Andrey Pacheco rincón', 22, 'EMPLEADO', 'M', 'Medellín', 'PORTATIL', 'CC', 1116042197, '2017-06-10 10:06:28', 'andrey1517@hotmail.com', 0),
(49, 'Jairo lopez', 41, 'EMPLEADO', 'M', 'Girardot', 'CELULAR', 'CC', 79822087, '2017-06-10 11:06:09', 'jairolopez@gmail.com', 0),
(50, 'Aldemar barrera', 28, 'ESTUDIANTE', 'M', 'Girardot', 'PORTATIL', 'CC', 1106774082, '2017-06-10 12:06:35', '', 1),
(51, 'Harold giovanni azuero gil', 22, 'TURISTA', 'M', 'Bogotá', 'CELULAR', 'CC', 1033767597, '2017-06-10 01:06:26', 'azuero14@hotmail.com', 1),
(52, 'yesely', 31, 'EMPLEADO', 'F', 'Girardot', 'CELULAR', 'CC', 1023864224, '2017-06-10 02:06:48', 'yeselylambrano@gmail.com', 1),
(53, 'yesely', 31, 'EMPLEADO', 'F', 'Girardot', 'CELULAR', 'CC', 1023864224, '2017-06-10 02:06:56', 'yeselylambrano@gmail.com', 0),
(54, 'yesely', 31, 'EMPLEADO', 'M', 'Girardot', 'CELULAR', 'CC', 1023864224, '2017-06-10 02:06:54', 'yeselylambrano@gmail.com', 0),
(55, 'María Edith Sánchez', 46, 'EMPLEADO', 'F', 'Flandes', 'CELULAR', 'CC', 28732895, '2017-06-10 04:06:45', '', 1),
(56, 'deivith stiven becerra granados', 20, 'ESTUDIANTE', 'M', 'Girardot', 'CELULAR', 'CC', 1019128310, '2017-06-12 09:06:54', 'deivith.1@hotmail.com', 1),
(57, 'Deivith', 20, 'ESTUDIANTE', 'M', 'Girardot', 'CELULAR', 'CC', 123456789, '2017-06-12 09:06:43', 'deivith.1@homail.com', 2),
(58, 'Adrián Estiben Romero carvajal', 20, 'EMPLEADO', 'M', 'Girardot', 'CELULAR', 'CC', 1048850792, '2017-06-12 09:06:14', 'adrian.ca@hotmail.com', 0),
(59, 'Joseguillermopprtelayara', 59, 'INDEPENDIENTE', 'M', 'Girardot', 'CELULAR', 'CC', 5984108, '2017-06-12 09:06:25', 'portelajoseguillermo@hotmail.com', 1),
(60, 'Diego Romero', 33, 'EMPLEADO', 'M', 'Girardot', 'CELULAR', 'CC', 11229967, '2017-06-12 10:06:37', 'project-r4@hotmail.com', 1),
(61, 'Joaquín Roberto Ramos', 49, 'COMERCIANTE', 'M', 'Girardot', 'CELULAR', 'CC', 11315672, '2017-06-12 10:06:13', 'jramos.gexcol@hotmail.com', 1),
(62, 'Joaquín Roberto Ramos', 49, 'COMERCIANTE', 'M', 'Girardot', 'CELULAR', 'CC', 11315672, '2017-06-12 10:06:47', 'jramos.gexcol@hotmail.com', 0),
(63, 'Joaquín Roberto Ramos', 49, 'COMERCIANTE', 'M', 'Girardot', 'CELULAR', 'CC', 11315672, '2017-06-12 10:06:06', 'jramos.gexcol@hotmail.com', 0),
(64, 'Michael pinzon aponte', 21, 'ESTUDIANTE', 'M', 'Girardot', 'CELULAR', 'CC', 1072962700, '2017-06-12 12:06:38', 'maicarlos.1995@gmail.com', 1),
(65, 'Michael pinzon aponte', 21, 'EMPLEADO', 'M', 'Anapoima', 'CELULAR', 'CC', 1072962700, '2017-06-12 12:06:23', 'maicarlos.1995@gmail.com', 0),
(66, 'Michael pinzon aponte', 21, 'ESTUDIANTE', 'M', 'Girardot', 'CELULAR', 'CC', 1072962700, '2017-06-12 12:06:05', 'maicarlos.1995@gmail.com', 0),
(67, 'Michael pinzon aponte', 21, 'ESTUDIANTE', 'M', 'Girardot', 'CELULAR', 'CC', 1072962700, '2017-06-12 12:06:08', 'maicarlos.1995@gmail.com', 0),
(68, 'Michael pinzon aponte', 21, 'ESTUDIANTE', 'M', 'Anapoima', 'CELULAR', 'CC', 1072962700, '2017-06-12 12:06:28', 'maicarlos.1995@gmail.com', 0),
(69, 'Andres Felpe', 22, 'TURISTA', 'M', 'Girardot', 'CELULAR', 'CC', 1070617527, '2017-06-12 02:06:53', '', 1),
(70, 'Juan Santiago Lozano Garzón ', 19, 'ESTUDIANTE', 'M', 'Girardot', 'CELULAR', 'CC', 1070621967, '2017-06-12 03:06:08', 'juansantiagolozanogarzon@hotmail.com', 1),
(71, 'Juan Santiago Lozano Garzón ', 19, 'ESTUDIANTE', 'M', 'Girardot', 'CELULAR', 'CC', 1070621967, '2017-06-12 03:06:45', 'juansantiagolozanogarzon@hotmail.com', 0),
(72, 'Cristian avello', 22, 'EMPLEADO', 'M', 'Girardot', 'PORTATIL', 'CC', 1108454974, '2017-06-12 03:06:57', 'cgscalape.unidos@gmail.com', 1),
(73, 'Cristian esteban alape', 25, 'EMPLEADO', 'M', 'Girardot', 'CELULAR', 'CC', 1108454984, '2017-06-12 03:06:55', 'cgscalape.unidos@gmail.com', 1),
(74, 'cristian alape', 22, 'TURISTA', 'M', 'Girardot', 'CELULAR', 'CC', 1108454, '2017-06-12 03:06:57', '', 1),
(75, 'Yeison Marin ', 21, 'INDEPENDIENTE', 'M', 'Girardot', 'CELULAR', 'CC', 1095940749, '2017-06-12 03:06:11', 'yeisonmarin_95@hotmail.com', 1),
(76, 'Yeison Marin ', 21, 'TURISTA', 'M', 'Girardot', 'CELULAR', 'CC', 1095940749, '2017-06-12 03:06:08', 'yeisonmarin_95@hotmail.com', 0),
(77, 'Yeison Marin ', 21, 'TURISTA', 'M', 'Girardot', 'CELULAR', 'CC', 1095940749, '2017-06-12 04:06:35', '', 0),
(78, 'Yeferson trujillo', 20, 'EMPLEADO', 'M', 'Girardot', 'CELULAR', 'CC', 1070621553, '2017-06-12 04:06:49', 'yefersontrujillo@outlook.com', 1),
(79, 'Carmencuello', 31, 'TURISTA', 'F', 'Barranquilla ', 'CELULAR', 'CC', 55231772, '2017-06-12 05:06:54', 'Cajucu@hotmail', 1),
(80, 'Carmencuello', 31, 'TURISTA', 'F', 'Barranquilla ', 'CELULAR', 'CC', 55231772, '2017-06-12 05:06:54', 'Cajucu@hotmail', 0),
(81, 'Manuel Guevara', 26, 'EMPLEADO', 'M', 'Girardot', 'CELULAR', 'CC', 1037478478, '2017-06-12 06:06:35', '', 1),
(82, 'Manuel Guevara', 26, 'EMPLEADO', 'M', 'Girardot', 'CELULAR', 'CC', 1037478478, '2017-06-12 06:06:51', '', 0),
(83, 'Jeferson rengifo ', 20, 'ESTUDIANTE', 'M', 'Girardot', 'CELULAR', 'CC', 1070619509, '2017-06-13 11:06:10', 'jefersonandres1996@hotmail.com', 1),
(84, 'Oliverio sandino gomez', 39, 'COMERCIANTE', 'M', 'Girardot', 'CELULAR', 'CC', 11221756, '2017-06-13 11:06:43', 'oliversandino@hotmail.com', 1),
(85, 'Oliverio sandino gomez', 39, 'EMPLEADO', 'M', 'Girardot', 'CELULAR', 'CC', 11221756, '2017-06-13 11:06:49', 'oliversandino@hotmail.com', 0),
(86, 'Oliverio sandino gomez', 39, 'EMPLEADO', 'M', 'Girardot', 'CELULAR', 'CC', 11221756, '2017-06-13 11:06:51', 'oliversandino@hotmail.com', 0),
(87, 'Ana Maria Gaitan Zambrano ', 11, 'ESTUDIANTE', 'F', 'Girardot', 'CELULAR', 'CE', 1070589430, '2017-06-13 12:06:27', 'velindagaitan_123@hotmail.com', 0),
(88, 'Bayron Gonzalez', 31, 'EMPLEADO', 'M', 'Girardot', 'CELULAR', 'CC', 1022329020, '2017-06-13 12:06:06', 'diddacplay@gmail.com', 1),
(89, 'Wilmer Harley Chávez godoy', 42, 'COMERCIANTE', 'M', 'Girardot', 'CELULAR', 'CC', 11322330, '2017-06-13 12:06:54', 'Wilmarchavez@gmail.com', 1),
(90, 'Danna Nataly Gordillo Núñez', 19, 'EMPLEADO', 'F', 'Nilo', 'CELULAR', 'CC', 1070622987, '2017-06-13 12:06:58', 'dannanataly13@outllok.com', 1),
(91, 'Jêîsön steven Cortes gamba', 15, 'ESTUDIANTE', 'M', 'Ricaurte ', 'CELULAR', 'TI', 1000121194, '2017-06-13 12:06:08', 'jeisongamba18@outlook.com', 1),
(92, 'Jêîsön steven Cortes gamba', 15, 'ESTUDIANTE', 'M', 'Girardot', 'CELULAR', 'TI', 1000121194, '2017-06-13 12:06:11', 'jeisongamba18@outlook.com', 0),
(93, 'Danna Nataly Gordillo Núñez', 19, 'EMPLEADO', 'F', 'Nilo', 'CELULAR', 'CC', 1070622987, '2017-06-13 12:06:17', 'dannanataly13@outllok.com', 0),
(94, 'Danna Nataly Gordillo Núñez', 19, 'EMPLEADO', 'F', 'Nilo', 'CELULAR', 'CC', 1070622987, '2017-06-13 12:06:31', 'dannanataly13@outllok.com', 0),
(95, 'Daniela Gironza Delgadillo', 19, 'ESTUDIANTE', 'F', 'Girardot', 'CELULAR', 'CC', 1070621700, '2017-06-13 12:06:24', 'dagi0697@gmail.com', 1),
(96, 'Yuly rico', 27, 'TURISTA', 'F', 'Girardot', 'CELULAR', 'CC', 1108453735, '2017-06-13 01:06:28', 'Yuly2406@yahoo.es', 1),
(97, 'Yuly rico', 27, 'TURISTA', 'F', 'Girardot', 'CELULAR', 'CC', 1108453735, '2017-06-13 01:06:40', 'Yuly2406@yahoo.es', 0),
(98, 'Bayron Gonzalez', 31, 'INDEPENDIENTE', 'M', 'Bogotá', 'CELULAR', 'CC', 1022329020, '2017-06-13 01:06:20', 'diddacplay@gmail.com', 0),
(99, 'Paola andrea sanabria ramos', 30, 'EMPLEADO', 'F', 'Bogotá', 'CELULAR', 'CC', 1020725843, '2017-06-13 01:06:21', 'psanabria08@hotmail.com', 3),
(100, 'Yuly rico', 27, 'TURISTA', 'F', 'Girardot', 'CELULAR', 'CC', 1108453735, '2017-06-13 01:06:16', 'Yuly2406@yahoo.es', 0),
(101, 'Yuly rico', 27, 'TURISTA', 'F', 'Girardot', 'CELULAR', 'CC', 1108453735, '2017-06-13 02:06:54', 'Yuly2406@yahoo.es', 0),
(102, 'Juan carlos castro', 21, 'ESTUDIANTE', 'M', 'Girardot', 'CELULAR', 'CC', 1070618828, '2017-06-13 06:06:01', 'jank-055@hotmail.com', 1),
(103, 'Olga garzon', 46, 'EMPLEADO', 'F', 'Girardot', 'CELULAR', 'CC', 39740257, '2017-06-13 07:06:47', 'olgar257@gmail.com', 2),
(104, 'Wilmer Harley Chávez godoy', 42, 'EMPLEADO', 'M', 'Girardot', 'CELULAR', 'CC', 11322330, '2017-06-13 08:06:56', 'Wilmarchavez@gmail.com', 0),
(105, 'Jose Mauricio velasquez', 38, 'EMPLEADO', 'M', 'Girardot', 'CELULAR', 'CC', 11223744, '2017-06-14 07:06:38', 'mauro646@gmail.com', 3),
(106, 'Juan Sebastian Trujillo Álvarez', 19, 'ESTUDIANTE', 'M', 'Girardot', 'CELULAR', 'CC', 1010086902, '2017-06-14 10:06:12', 'sebastrujillo@misena.edu.co', 1),
(107, 'Juan Sebastian Trujillo Álvarez', 19, 'EMPLEADO', 'M', 'Girardot', 'CELULAR', 'CC', 1010086902, '2017-06-14 10:06:49', 'sebastrujillo@misena.edu.co', 0),
(108, 'Juan Sebastian Trujillo Álvarez', 19, 'EMPLEADO', 'M', 'Girardot', 'CELULAR', 'CC', 1010086902, '2017-06-14 10:06:57', 'sebastrujillo@misena.edu.co', 0),
(109, 'Juan Sebastian Trujillo Álvarez', 19, 'EMPLEADO', 'M', 'Girardot', 'CELULAR', 'CC', 1010086902, '2017-06-14 10:06:07', 'sebastrujillo@misena.edu.co', 0),
(110, 'Bayron Gonzalez', 31, 'EMPLEADO', 'M', 'Girardot', 'CELULAR', 'CC', 1022329020, '2017-06-14 10:06:36', '', 0),
(111, 'Bayron Gonzalez', 31, 'EMPLEADO', 'M', 'Girardot', 'CELULAR', 'CC', 1022329020, '2017-06-14 10:06:19', 'diddacplay@gmail.com', 0),
(112, 'Natalia cayunao', 24, 'TURISTA', 'F', 'Girardot', 'CELULAR', 'CC', 37212881, '2017-06-14 11:06:14', 'cayunao24@gmail.com', 1),
(113, 'Natalia cayunao', 24, 'ESTUDIANTE', 'F', 'Girardot', 'CELULAR', 'CC', 37212881, '2017-06-14 11:06:59', '', 0),
(114, 'Marcos mariano', 24, 'EMPLEADO', 'M', 'Bogotá', 'OTROS', 'CC', 37273056, '2017-06-14 11:06:52', 'cayunao24@gmail.com', 1),
(115, 'Marcos mariano', 24, 'EMPLEADO', 'M', 'Bogotá', 'OTROS', 'CC', 37273056, '2017-06-14 11:06:42', 'cayunao24@gmail.com', 0),
(116, 'Marcos mariano', 24, 'TURISTA', 'M', 'Bogotá', 'CELULAR', 'CE', 37273056, '2017-06-14 11:06:37', 'cayunao24@gmail.com', 0),
(117, 'Marcos', 24, 'TURISTA', 'M', 'Bogotá', 'CELULAR', 'CE', 37273056, '2017-06-14 11:06:43', 'empcar@hotmail.com', 0),
(118, 'Juan Sebastian Trujillo Álvarez ', 19, 'ESTUDIANTE', 'M', 'Girardot', 'CELULAR', 'CC', 1010086902, '2017-06-14 12:06:39', 'sebastrujillo@misena.edu.co', 0),
(119, 'Marcos mariano', 24, 'TURISTA', 'M', 'Bogotá', 'CELULAR', 'CE', 37273056, '2017-06-14 01:06:33', 'cayunao24@gmail.com', 0),
(120, 'Marcos mariano', 42, 'COMERCIANTE', 'M', 'Bogotá', 'CELULAR', 'CE', 3727056, '2017-06-14 01:06:19', 'cayunao24@gmail.com', 1),
(121, 'alexanderserranomuriñlo', 40, 'EMPLEADO', 'M', 'Girardot', 'PORTATIL', 'CC', 11221419, '2017-06-14 06:06:09', 'alexanderserranomurillo@hotmail.com', 1),
(122, 'alexanderserranomuriñlo', 40, 'EMPLEADO', 'M', 'Girardot', 'PORTATIL', 'CC', 11221419, '2017-06-14 06:06:38', 'alexanderserranomurillo@hotmail.com', 0),
(123, 'Fabián López López', 22, 'INDEPENDIENTE', 'M', 'Neiva', 'CELULAR', 'CC', 1077870921, '2017-06-14 06:06:58', '', 1),
(124, 'alexanderserranomurilllo', 40, 'INDEPENDIENTE', 'M', 'Girardot', 'PORTATIL', 'CC', 11221419, '2017-06-14 06:06:43', 'alexanderserranomurillo@hotmail.com', 0),
(125, 'Alvaro rivas', 37, 'EMPLEADO', 'M', 'Neiva', 'CELULAR', 'CC', 7712167, '2017-06-14 06:06:31', 'alvaromp31511@gmail.com', 1),
(126, 'Fabián López López', 22, 'EMPLEADO', 'M', 'Girardot', 'CELULAR', 'CC', 1077870921, '2017-06-14 06:06:41', 'naibaf2419@hotmai.com', 0),
(127, 'Jeyson Anibal Palacio Palma', 22, 'EMPLEADO', 'M', 'Girardot', 'PORTATIL', 'CC', 1070615270, '2017-06-14 07:06:46', 'japalacio0108@gmail.com', 1),
(128, 'Jair Arnaldo castro soto', 33, 'EMPLEADO', 'O', 'Espinal', 'CELULAR', 'CC', 93137480, '2017-06-14 08:06:01', 'yeraldo84@hotmai.com', 1),
(129, 'Jair Arnaldo castro soto', 33, 'EMPLEADO', 'O', 'Espinal', 'CELULAR', 'CC', 93137480, '2017-06-14 08:06:07', 'yeraldo84@hotmai.com', 0),
(130, 'Nathalia quimbay cadena ', 19, 'ESTUDIANTE', 'F', 'Bogotá', 'CELULAR', 'CC', 1032491825, '2017-06-14 08:06:05', 'Nathaliaquimbay@gmail.com', 1),
(131, 'Laura María Betancourt Sánchez ', 21, 'TURISTA', 'F', 'Flandes', 'CELULAR', 'CC', 1070616953, '2017-06-14 08:06:46', 'lalasofia1214@hotmail.com', 1),
(132, 'Laura María Betancourt Sánchez ', 21, 'TURISTA', 'M', 'Flandes', 'CELULAR', 'CC', 1070616953, '2017-06-14 08:06:35', '', 0),
(133, 'Britten perez', 36, 'TURISTA', 'M', 'Girardot', 'CELULAR', 'CC', 80252557, '2017-06-14 11:06:09', 'mariapyesteban@gmail', 1),
(134, 'Diego Alexander Murillo', 39, 'EMPLEADO', 'M', 'Girardot', 'PORTATIL', 'CC', 11222084, '2017-06-15 09:06:04', 'dial7845@gmail.com', 0),
(135, 'Diana Soler', 23, 'EMPLEADO', 'F', 'Bogotá', 'CELULAR', 'CC', 1020786321, '2017-06-15 10:06:31', 'dicromeroso@unal.edu.co', 1),
(136, 'Diana Soler', 23, 'ESTUDIANTE', 'F', 'Bogotá', 'CELULAR', 'CC', 1020786321, '2017-06-15 10:06:11', 'dicromeroso@unal.edu.co', 0),
(137, 'Michael Tyson', 18, 'EMPLEADO', 'M', 'Girardot', 'CELULAR', 'CC', 58724, '2017-06-15 10:06:11', 'camilo5274@gmail.com', 1),
(138, 'Michael Tyson', 10, 'EMPLEADO', 'M', 'Bogotá', 'CELULAR', 'CC', 55874, '2017-06-15 10:06:13', 'camilo5274@gmail.com', 1),
(139, 'linda silva', 15, 'ESTUDIANTE', 'F', 'Girardot', 'PORTATIL', 'CC', 1003566336, '2017-06-15 11:06:10', '', 1),
(140, 'linda silva', 15, 'ESTUDIANTE', 'F', 'Tocaima', 'PORTATIL', 'TI', 1003566336, '2017-06-15 11:06:41', '', 0),
(141, 'linda silva', 15, 'ESTUDIANTE', 'F', 'Tocaima', 'PORTATIL', 'TI', 1003566336, '2017-06-15 11:06:38', '', 0),
(142, 'DAVID HERRERA', 23, 'EMPLEADO', 'M', 'Girardot', 'CELULAR', 'CC', 1070611442, '2017-06-15 12:06:17', 'mahe_1965@hotmail.com', 1),
(143, 'Wilmer Harley Chávez godoy', 42, 'EMPLEADO', 'M', 'Girardot', 'CELULAR', 'CC', 11322330, '2017-06-15 12:06:43', 'Wilmarchavez@gmail.com', 0),
(144, 'Alexander parraga fandiño', 27, 'TURISTA', 'M', 'Bogotá', 'PORTATIL', 'CC', 1075625912, '2017-06-15 02:06:45', 'Alex0810@hotmail.es', 1),
(145, 'Andres felipe', 22, 'TURISTA', 'M', 'Girardot', 'CELULAR', 'CC', 1070617527, '2017-06-15 02:06:18', '', 0),
(146, 'Bryan Felipe Cruz Buitrago', 21, 'EMPLEADO', 'M', 'Girardot', 'CELULAR', 'CC', 1070616746, '2017-06-15 08:06:29', 'bfcruz6@misena.edu.co', 0),
(147, 'Luis Pinillo', 36, 'INDEPENDIENTE', 'M', 'Barrancabermeja', 'CELULAR', 'CC', 1124520282, '2017-06-15 11:06:39', 'luisgpinillom@gmail.com', 1),
(148, 'Luis Pinillo', 36, 'TURISTA', 'M', 'Barrancabermeja', 'CELULAR', 'CC', 1124520282, '2017-06-15 11:06:03', 'luisgpinillom@gmail.com', 0),
(149, 'Luis Pinillo', 36, 'TURISTA', 'M', 'Barrancabermeja', 'CELULAR', 'CC', 1124520282, '2017-06-15 11:06:35', 'luisgpinillom@gmail.com', 0),
(150, 'Luis Pinillo', 36, 'TURISTA', 'M', 'Girardot', 'CELULAR', 'CC', 1124520282, '2017-06-15 11:06:33', 'luisgpinillom@gmail.com', 0),
(151, 'anny jasbleidy estrada tafur', 20, 'ESTUDIANTE', 'F', 'Girardot', 'CELULAR', 'CC', 1069178565, '2017-06-16 07:06:13', 'annyjas9705@gmail', 1),
(152, 'anny jasbleidy estrada tafur', 20, 'ESTUDIANTE', 'F', 'Girardot', 'CELULAR', 'CC', 1069178565, '2017-06-16 07:06:25', 'annyjas9705@gmail', 0),
(153, 'anny jasbleidy estrada tafur', 20, 'ESTUDIANTE', 'F', 'Girardot', 'CELULAR', 'CC', 1069178565, '2017-06-16 07:06:37', 'annyjas9705@gmail.com', 0),
(154, 'anny jasbleidy estrada tafur', 20, 'ESTUDIANTE', 'F', 'Girardot', 'CELULAR', 'CC', 1069178565, '2017-06-16 11:06:41', 'annyjas9705@gmail.com', 0),
(155, 'anny jasbleidy estrada tafur', 20, 'EMPLEADO', 'F', 'Girardot', 'CELULAR', 'CC', 1069178565, '2017-06-16 12:06:53', 'annyjas9705@gmail.com', 0),
(156, 'Danna Nataly Gordillo Muñoz', 19, 'EMPLEADO', 'F', 'Nilo', 'CELULAR', 'CC', 1070622987, '2017-06-16 12:06:23', 'dannanataly13@outllok.com', 0),
(157, 'Danna Nataly Gordillo Muñoz', 19, 'EMPLEADO', 'F', 'Nilo', 'CELULAR', 'CC', 1070622987, '2017-06-16 12:06:28', 'dannanataly13@outllok.com', 0),
(158, 'Danna Nataly Gordillo Muñoz', 19, 'EMPLEADO', 'F', 'Nilo', 'CELULAR', 'CC', 1070622987, '2017-06-16 12:06:52', 'dannanataly13@outllok.com', 0),
(159, 'Danna Nataly Gordillo Muñoz', 19, 'EMPLEADO', 'F', 'Nilo', 'CELULAR', 'CC', 1070622987, '2017-06-16 12:06:01', 'dannanataly13@outllok.com', 0),
(160, 'Danna Nataly Gordillo Muñoz', 19, 'EMPLEADO', 'F', 'Nilo', 'CELULAR', 'CC', 1070622987, '2017-06-16 12:06:03', 'dannanataly13@outllok.com', 0),
(161, 'Rafael alexander oyaga sierra', 47, 'EMPLEADO', 'M', 'Girardot', 'CELULAR', 'CC', 79580778, '2017-06-16 12:06:43', '', 0),
(162, 'Jeison david nuñez rosas', 21, 'ESTUDIANTE', 'M', 'Espinal', 'CELULAR', 'CC', 1105688749, '2017-06-16 01:06:06', 'jeisondavid13@hotmail.com', 1),
(163, 'Jeison david nuñez rosas', 21, 'ESTUDIANTE', 'M', 'Espinal', 'CELULAR', 'CC', 1105688749, '2017-06-16 01:06:41', 'jeisondavid13@hotmail.com', 0),
(164, 'Luis conda', 26, 'EMPLEADO', 'M', 'Neiva', 'CELULAR', 'CC', 1123205448, '2017-06-16 02:06:13', '', 1),
(165, 'Wilmar Harley Chávez godoy', 42, 'EMPLEADO', 'M', 'Girardot', 'CELULAR', 'CC', 11322330, '2017-06-16 02:06:39', 'Wilmarchavez@gmail.com', 0),
(166, 'Ingrid pinzon', 24, 'EMPLEADO', 'F', 'Flandes', 'CELULAR', 'CC', 1069744460, '2017-06-16 02:06:58', 'ingrid_cruz129@hotmail.com', 0),
(167, 'Andrés leonardo rodriguez guzman', 20, 'EMPLEADO', 'M', 'Flandes', 'CELULAR', 'CC', 1108456731, '2017-06-17 06:06:01', 'andres.leo2010@hotmail.com', 1),
(168, 'Andrés leonardo rodriguez guzman', 20, 'EMPLEADO', 'M', 'Girardot', 'CELULAR', 'CC', 1108456731, '2017-06-17 06:06:48', 'andres.leo2010@hotmail.com', 0),
(169, 'Cristián castro', 23, 'TURISTA', 'M', 'Bogotá', 'CELULAR', 'CC', 1085021064, '2017-06-17 11:06:56', 'cristian-@gmail.com', 1),
(170, 'Cristián castro', 23, 'TURISTA', 'M', 'Bogotá', 'CELULAR', 'CC', 1085021064, '2017-06-17 11:06:58', 'cristian-@gmail.com', 0),
(171, 'Fabio Mazuera peña', 45, 'EMPLEADO', 'M', 'Girardot', 'CELULAR', 'CC', 88198809, '2017-06-17 12:06:42', '', 0),
(172, 'diana robayo', 21, 'TURISTA', 'F', 'Bogotá', 'PORTATIL', 'CC', 1010224336, '2017-06-17 12:06:55', 'kateinerobayo1995@gmail.com', 1),
(173, 'Fabio Mazuera peña', 47, 'EMPLEADO', 'M', 'Girardot', 'CELULAR', 'CC', 88198809, '2017-06-17 01:06:40', 'fabio.mazuera1015@correo.poilicia.gov.co', 0),
(174, 'Omar Andrés lemos theran', 24, 'EMPLEADO', 'M', 'Girardot', 'CELULAR', 'CC', 1065645832, '2017-06-17 06:06:49', '', 0),
(175, 'Yazmin centeno cortez', 32, 'EMPLEADO', 'F', 'Girardot', 'PORTATIL', 'CC', 1032362452, '2017-06-17 06:06:42', 'banyariceco@hotmail.com', 1),
(176, 'hallary Bermudez centeno', 13, 'ESTUDIANTE', 'F', 'Girardot', 'CELULAR', 'TI', 1085034235, '2017-06-17 06:06:55', 'mega74.bermudezhallary@gmail.com', 1),
(177, 'Wilmar Daniel Barrera Garzón ', 23, 'EMPLEADO', 'M', 'Girardot', 'CELULAR', 'CC', 1119891203, '2017-06-17 07:06:49', 'wilmardanielbarrera@gmail', 1),
(178, 'Carlos Mario Santos vela ', 21, 'ESTUDIANTE', 'M', 'Bogotá', 'CELULAR', 'CC', 1018478477, '2017-06-17 07:06:18', 'carlosmetal2909@hotmail.com', 1),
(179, 'Carlos Mario Santos vela ', 21, 'TURISTA', 'M', 'Bogotá', 'CELULAR', 'CC', 1018478477, '2017-06-17 07:06:00', 'carlosmetal2909@hotmail.com', 0),
(180, 'Carlos Mario Santos vela ', 21, 'TURISTA', 'M', 'Bogotá', 'CELULAR', 'CC', 1018478477, '2017-06-17 07:06:27', 'carlosmetal2909@hotmail.com', 0),
(181, 'hallary Bermudez centeno', 13, 'ESTUDIANTE', 'F', 'Girardot', 'CELULAR', 'TI', 1085034235, '2017-06-17 08:06:33', 'mega74.bermudezhallary@gmail.com', 0),
(182, 'david santiago ramirez hernandez', 16, 'TURISTA', 'M', 'Villavicencio', 'CELULAR', 'TI', 1192911468, '2017-06-17 08:06:55', '', 1),
(183, 'Michael Ramírez ', 29, 'EMPLEADO', 'M', 'Girardot', 'CELULAR', 'CC', 1070592031, '2017-06-17 08:06:57', 'momprino_tito@hotmail.com', 3),
(184, 'Michael Ramírez ', 29, 'EMPLEADO', 'M', 'Girardot', 'CELULAR', 'CC', 1070592031, '2017-06-17 08:06:48', 'momprino_tito@hotmail.com', 0),
(185, 'david santiago ramirez hernandez', 16, 'TURISTA', 'M', 'Villavicencio', 'CELULAR', 'TI', 1192911468, '2017-06-17 09:06:55', '', 0),
(186, 'Manuel santiago riaño vasquez', 22, 'TURISTA', 'M', 'Bogotá', 'CELULAR', 'CC', 1070613660, '2017-06-17 09:06:20', 'msriano0@misena.edu.co', 1),
(187, 'Laura', 23, 'ESTUDIANTE', 'F', 'Bogotá', 'CELULAR', 'RC', 18283849, '2017-06-17 11:06:37', 'laura@hotmail.com', 1),
(188, 'Jefferson Lopez', 18, 'EMPLEADO', 'M', 'Girardot', 'CELULAR', 'CC', 1105792773, '2017-06-18 09:06:29', 'skrillexjl9812@gmail.com', 1),
(189, 'Jefferson Lopez', 18, 'EMPLEADO', 'M', 'Girardot', 'CELULAR', 'CC', 1105792773, '2017-06-18 09:06:11', 'skrillexjl9812@gmail.com', 0),
(190, 'Jefferson Lopez', 18, 'TURISTA', 'M', 'Girardot', 'CELULAR', 'CC', 1105792773, '2017-06-18 09:06:30', 'skrillexjl9812@gmail.com', 0),
(191, 'Evelyn gonzalez', 26, 'ESTUDIANTE', 'F', 'Bogotá', 'CELULAR', 'CC', 1031811468, '2017-06-18 11:06:45', 'nata1120@hotmail.com', 1),
(192, 'Evelyn gonzalez', 26, 'TURISTA', 'F', 'Bogotá', 'CELULAR', 'CC', 1031811468, '2017-06-18 11:06:04', 'nata1120@hotmail.com', 0),
(193, 'Juan Carlos pinzon ojeda', 32, 'ESTUDIANTE', 'M', 'Girardot', 'CELULAR', 'CC', 112066968, '2017-06-18 11:06:42', 'cpinzon544@gmail.com', 1),
(194, 'David torres', 27, 'ESTUDIANTE', 'M', 'Bogotá', 'CELULAR', 'CC', 1143115687, '2017-06-18 05:06:55', 'dvdtorres60@hotmail.com', 1),
(195, 'vicente laguna hernandez', 17, 'ESTUDIANTE', 'M', 'Girardot', 'CELULAR', 'CC', 1007744171, '2017-06-18 05:06:55', 'vincet2015@live.com', 1),
(196, 'Juan Manuel Guarin ', 19, 'ESTUDIANTE', 'M', 'Girardot', 'CELULAR', 'CC', 1110589096, '2017-06-18 06:06:46', 'juand1130@hotmail.com', 1),
(197, 'hallary Bermudez centeno', 13, 'ESTUDIANTE', 'F', 'Girardot', 'CELULAR', 'TI', 1085034235, '2017-06-18 06:06:48', 'mega74.bermudezhallary@gmail.com', 0),
(198, 'Daniela', 24, 'TURISTA', 'F', 'Bogotá', 'CELULAR', 'CC', 1072427774, '2017-06-18 06:06:55', '', 1),
(199, 'William Fernando', 23, 'TURISTA', 'M', 'Bogotá', 'CELULAR', 'CC', 1013650202, '2017-06-18 08:06:32', 'Willibebe123@hotmail.com', 1),
(200, 'Steven Gomez', 23, 'ESTUDIANTE', 'M', 'Girardot', 'PORTATIL', 'CC', 1070611759, '2017-06-19 10:06:25', 'migago9312@hotmail.es', 1),
(201, 'Carlos santiago', 24, 'TURISTA', 'M', 'Bogotá', 'CELULAR', 'CC', 1031146041, '2017-06-19 11:06:15', '', 1),
(202, 'Adriana prieto', 31, 'EMPLEADO', 'F', 'Girardot', 'CELULAR', 'CC', 1110172053, '2017-06-19 12:06:51', '', 4),
(203, 'Andrea duarte', 27, 'COMERCIANTE', 'M', 'Calí', 'CELULAR', 'CC', 1073505248, '2017-06-19 01:06:37', 'jorgeandresduarte20@gmail.com', 1),
(204, 'jonathan hernande', 29, 'INDEPENDIENTE', 'M', 'Girardot', 'CELULAR', 'CC', 1115070236, '2017-06-19 05:06:21', 'linaloaiza_@hotmail.com', 1),
(205, 'GABRIEL MONTES ORTIZ ', 20, 'EMPLEADO', 'M', 'Bogotá', 'CELULAR', 'CC', 1022421811, '2017-06-19 05:06:51', 'abriel_gabel@hotmail.com', 1),
(206, 'GABRIEL MONTES ORTIZ ', 20, 'EMPLEADO', 'M', 'Bogotá', 'CELULAR', 'CC', 1022421811, '2017-06-19 05:06:34', 'abriel_gabel@hotmail.com', 0),
(207, 'Mafia natalia sanchez castro', 30, 'EMPLEADO', 'F', 'Girardot', 'CELULAR', 'CC', 1070586829, '2017-06-19 06:06:02', 'mnsc_2121@yahoo.es', 1),
(208, 'Steven', 19, 'ESTUDIANTE', 'M', 'Villavicencio', 'CELULAR', 'CC', 1003880799, '2017-06-19 06:06:29', 'steven_gomez25@hotmail.com', 1),
(209, 'Hansell danitza marroquin Sanabria', 27, 'EMPLEADO', 'M', 'Girardot', 'CELULAR', 'CC', 1019042869, '2017-06-19 07:06:14', '', 1),
(210, 'Hansell danitza marroquin sanabria', 27, 'EMPLEADO', 'M', 'Girardot', 'CELULAR', 'CC', 1019042869, '2017-06-19 07:06:14', '', 0),
(211, 'Patricia ', 78, 'EMPLEADO', 'F', 'Bogotá', 'PORTATIL', 'CC', 39743509, '2017-06-19 07:06:41', 'flaco5630@hotmail', 1),
(212, 'Steven gonez', 19, 'ESTUDIANTE', 'M', 'Bogotá', 'CELULAR', 'CC', 1003880799, '2017-06-19 07:06:00', 'steven_gomez25@hotmail.com', 0),
(213, 'Patricia ', 78, 'EMPLEADO', 'F', 'Bogotá', 'PORTATIL', 'CC', 39743509, '2017-06-19 07:06:36', 'flaco5630@hotmail', 0),
(214, 'Patricia ', 78, 'EMPLEADO', 'F', 'Bogotá', 'PORTATIL', 'CC', 39743509, '2017-06-19 07:06:48', 'flaco5630@hotmail', 0),
(215, 'Diego valencia gomez', 16, 'ESTUDIANTE', 'M', 'Bogotá', 'PORTATIL', 'TI', 1000382811, '2017-06-19 07:06:34', 'de_valenciag@hotmail.com', 1),
(216, 'Diego valencia gomez', 16, 'ESTUDIANTE', 'M', 'Bogotá', 'PORTATIL', 'TI', 1000382811, '2017-06-19 07:06:34', 'de_valenciag@hotmail.com', 0),
(217, 'Wilmar Harley Chávez godoy', 42, 'EMPLEADO', 'M', 'Girardot', 'CELULAR', 'CC', 11322330, '2017-06-19 09:06:34', 'Wilmarchavez@gmail.com', 0),
(218, 'Germán David Rodríguez Martínez', 22, 'EMPLEADO', 'M', 'Girardot', 'CELULAR', 'CC', 1070617393, '2017-06-19 09:06:10', 'reyzamvilla_16@hotmail.com', 1),
(219, 'Diego vg', 16, 'TURISTA', 'M', 'Bogotá', 'PORTATIL', 'TI', 1000382811, '2017-06-19 09:06:21', 'de_valenciag@hotmail.com', 0),
(220, 'Laura Garzón', 24, 'INDEPENDIENTE', 'F', 'Girardot', 'CELULAR', 'CC', 1070607584, '2017-06-19 10:06:14', 'lauraok2910@hotmail.com', 0),
(221, 'Germán David Rodríguez Martínez', 22, 'EMPLEADO', 'M', 'Girardot', 'CELULAR', 'CC', 1070617393, '2017-06-19 10:06:56', 'reyzamvilla_16@hotmail.com', 0),
(222, 'Diego Valencia Gomez', 16, 'TURISTA', 'M', 'Girardot', 'PORTATIL', 'TI', 100382811, '2017-06-19 10:06:15', 'de_valenciag@hotmail.com', 1),
(223, 'Robert alexander valencia gomez', 24, 'ESTUDIANTE', 'M', 'Bogotá', 'CELULAR', 'CC', 1014245054, '2017-06-19 10:06:49', 'robertsbgomez@hotmail.com', 1),
(224, 'karen Lorena castro', 17, 'ESTUDIANTE', 'F', 'Girardot', 'CELULAR', 'CC', 1007846806, '2017-06-20 08:06:03', 'cgkaren6@outlook.com', 0),
(225, 'Luis Pinillo', 36, 'TURISTA', 'M', 'Barrancabermeja', 'CELULAR', 'CC', 1124520282, '2017-06-20 10:06:29', '', 0),
(226, 'Estiben raul Fajardo Sánchez', 20, 'EMPLEADO', 'M', 'Girardot', 'CELULAR', 'CC', 1072430952, '2017-06-20 12:06:16', 'edgarelectrico79@gmail.com', 1),
(227, 'Estiben raul Fajardo Sánchez', 20, 'EMPLEADO', 'M', 'La Mesa', 'CELULAR', 'CC', 1072430952, '2017-06-20 12:06:18', 'edgarelectrico79@gmail.com', 0),
(228, 'Maria esther turriago', 45, 'INDEPENDIENTE', 'F', 'Girardot', 'CELULAR', 'CC', 41213165, '2017-06-20 01:06:06', '', 1),
(229, 'Maria esther turriago', 45, 'INDEPENDIENTE', 'F', 'Girardot', 'CELULAR', 'CC', 41213165, '2017-06-20 01:06:52', '', 0),
(230, 'Nubiacaicedoprada', 41, 'COMERCIANTE', 'F', 'Girardot', 'CELULAR', 'CC', 39572519, '2017-06-20 02:06:46', '', 1),
(231, 'Alexander Salgado ', 39, 'INDEPENDIENTE', 'M', 'Girardot', 'CELULAR', 'CC', 11221858, '2017-06-20 05:06:28', 'lex78@hotmail.es', 1),
(232, 'Alexander Salgado ', 39, 'INDEPENDIENTE', 'M', 'Girardot', 'CELULAR', 'CC', 11221858, '2017-06-20 05:06:01', 'lex78@hotmail.es', 0),
(233, 'Daniel Hernandez', 23, 'EMPLEADO', 'M', 'Girardot', 'CELULAR', 'CC', 1070611442, '2017-06-20 06:06:47', 'he12345@hotmail.com', 0),
(234, 'Alejandro  Ramírez  Hernández ', 28, 'INDEPENDIENTE', 'M', 'Bogotá', 'CELULAR', 'CC', 1110481856, '2017-06-20 07:06:43', '', 1),
(235, 'Juan Zalamea ', 18, 'ESTUDIANTE', 'M', 'Bogotá', 'CELULAR', 'CC', 1030693700, '2017-06-20 07:06:17', 'p.damian.q.123@gmail.com', 1),
(236, 'Wilmar Harley Chávez godoy', 42, 'EMPLEADO', 'M', 'Girardot', 'CELULAR', 'CC', 11322330, '2017-06-20 09:06:44', 'Wilmarchavez@gmail.com', 0),
(237, 'fabio balcero', 35, 'EMPLEADO', 'M', 'Bogotá', 'PORTATIL', 'CC', 80664664, '2017-06-21 01:06:52', 'fabiobalcero@gmail.com', 1),
(238, 'Daiana zuliett suarez urbina', 24, 'EMPLEADO', 'F', 'Girardot', 'CELULAR', 'CC', 1070607972, '2017-06-21 01:06:54', 'daiana1310@hotmail.com', 1),
(239, 'fabio balcero', 35, 'EMPLEADO', 'M', 'Girardot', 'PORTATIL', 'CC', 80664664, '2017-06-21 01:06:17', 'fabiobalcero@gmail.com', 0),
(240, 'Daiana zuliett suarez urbina', 24, 'TURISTA', 'F', 'Girardot', 'CELULAR', 'CC', 1070607972, '2017-06-21 01:06:08', 'daiana1310@hotmail.com', 0),
(241, 'Daiana zuliett suarez urbina', 24, 'TURISTA', 'F', 'Girardot', 'CELULAR', 'CC', 1070607972, '2017-06-21 01:06:05', 'daiana1310@hotmail.com', 0),
(242, 'Jesús ulloa', 28, 'TURISTA', 'M', 'Bogotá', 'CELULAR', 'CC', 82391543, '2017-06-21 02:06:09', 'jesushulloaalejandr@hotmail.com', 1),
(243, 'María de los angeles Arias Padilla', 20, 'EMPLEADO', 'F', 'Girardot', 'PORTATIL', 'CC', 1070620917, '2017-06-21 03:06:43', '', 1),
(244, 'María Arias Padilla', 20, 'EMPLEADO', 'F', 'Girardot', 'PORTATIL', 'CC', 1070620917, '2017-06-21 03:06:58', '', 0),
(245, 'Juan David', 11, 'INDEPENDIENTE', 'M', 'Flandes', 'CELULAR', 'CC', 107209389, '2017-06-21 03:06:45', 'juandavidrodriguezzabala@hotmail.com', 1),
(246, 'Ana Milena arias', 20, 'INDEPENDIENTE', 'F', 'Girardot', 'PORTATIL', 'CC', 1070620917, '2017-06-21 03:06:20', '', 0),
(247, 'Ana Milena arias', 20, 'INDEPENDIENTE', 'F', 'Girardot', 'CELULAR', 'CC', 1070620917, '2017-06-21 03:06:41', '', 0),
(248, 'María Arias Padilla', 20, 'EMPLEADO', 'F', 'Girardot', 'CELULAR', 'CC', 1070620917, '2017-06-21 03:06:01', '', 0),
(249, 'María Arias Padilla', 20, 'EMPLEADO', 'F', 'Girardot', 'PORTATIL', 'CC', 1070620917, '2017-06-21 03:06:26', '', 0),
(250, 'Francy Cortes Ramirez', 36, 'EMPLEADO', 'F', 'Girardot', 'CELULAR', 'CC', 39577763, '2017-06-21 03:06:16', 'avefenix731@hotmail.com', 1),
(251, 'Ana Milena arias', 20, 'EMPLEADO', 'F', 'Girardot', 'CELULAR', 'CC', 1070620917, '2017-06-21 03:06:03', '', 0),
(252, 'Francy Cortes Ramirez', 36, 'EMPLEADO', 'F', 'Girardot', 'CELULAR', 'CC', 39577763, '2017-06-21 03:06:46', 'avefenix731@hotmail.com', 0),
(253, 'rafael oviedo', 36, 'TURISTA', 'M', 'Ibagué', 'CELULAR', 'CC', 14138011, '2017-06-21 04:06:05', '', 1),
(254, 'Brayan Andrés Correa Grajales', 25, 'ESTUDIANTE', 'M', 'Bogotá', 'PORTATIL', 'CC', 1022976643, '2017-06-23 11:06:42', 'brancogra@gmail.com', 1),
(255, 'Karen Andrea Gutiérrez Bernal', 24, 'INDEPENDIENTE', 'F', 'Bogotá', 'CELULAR', 'CC', 1014241206, '2017-06-23 11:06:36', 'wahiomi@gmail.com', 3),
(256, 'Salvadorduarte', 53, 'COMERCIANTE', 'M', 'Flandes', 'PORTATIL', 'CC', 79283103, '2017-06-23 01:06:17', 'salvadoduartepollo@62', 0),
(257, 'hernando paramo leon', 14232074, 'INDEPENDIENTE', 'M', 'Girardot', 'PORTATIL', 'CC', 14232074, '2017-06-23 04:06:02', 'hernandoparamoleeon@gmail.com', 1),
(258, 'Carol Andrea devia tique', 20, 'EMPLEADO', 'F', 'Girardot', 'CELULAR', 'CC', 1070620630, '2017-06-23 04:06:59', 'caroldevia13@outlook.com', 1),
(259, 'Carol Andrea devia tique', 20, 'ESTUDIANTE', 'F', 'Girardot', 'CELULAR', 'CC', 1070620630, '2017-06-23 04:06:48', '', 0),
(260, 'Carol Andrea devia tique', 20, 'ESTUDIANTE', 'F', 'Girardot', 'CELULAR', 'CC', 1070620630, '2017-06-23 04:06:49', '', 0),
(261, 'Leydi Villalba', 28, 'EMPLEADO', 'F', 'Bogotá', 'CELULAR', 'CC', 1024486635, '2017-06-23 04:06:59', 'ladyyohbv88@hotmail.com', 1),
(262, 'Yuri Barrantes ', 22, 'EMPLEADO', 'F', 'Girardot', 'CELULAR', 'CC', 1070614251, '2017-06-23 05:06:32', 'johanita.barrantes05@gmail.com', 0),
(263, 'Aura medina', 22, 'EMPLEADO', 'F', 'Girardot', 'CELULAR', 'CC', 1105789509, '2017-06-23 05:06:00', 'almedina51@misena.edu.co', 1),
(264, 'Mauricio Rozo', 26, 'TURISTA', 'M', 'Bogotá', 'CELULAR', 'CC', 1069734428, '2017-06-23 05:06:03', 'rozo.m60@hotmail.com', 1),
(265, 'Mauricio Rozo', 26, 'EMPLEADO', 'M', 'Flandes', 'CELULAR', 'CC', 1069734428, '2017-06-23 05:06:40', 'rozo.m60@hotmail.com', 0),
(266, 'Aura medina', 22, 'TURISTA', 'F', 'Honda', 'CELULAR', 'CC', 1105789509, '2017-06-23 05:06:48', '', 0),
(267, 'Hermes Antonio Salamanca Rojas', 49, 'EMPLEADO', 'M', 'Bogotá', 'CELULAR', 'CC', 74326061, '2017-06-23 07:06:11', 'hermesal18@yahoo.es', 1),
(268, 'Hermes Antonio Salamanca Rojas', 49, 'EMPLEADO', 'M', 'Bogotá', 'CELULAR', 'CC', 74326061, '2017-06-23 07:06:42', 'hermesal18@yahoo.es', 0),
(269, 'Marco tulio', 35, 'EMPLEADO', 'M', 'Girardot', 'CELULAR', 'CC', 80760937, '2017-06-23 07:06:47', 'julian40-1@hotmail.com', 1),
(270, 'Linda silva', 15, 'ESTUDIANTE', 'F', 'Tocaima', 'CELULAR', 'TI', 1003566336, '2017-06-24 08:06:35', '', 0),
(271, 'adrian florez', 33, 'EMPLEADO', 'M', 'Girardot', 'CELULAR', 'CC', 14135673, '2017-06-24 12:06:32', 'payasoafg46@gmail.com', 1),
(272, 'samael', 24, 'EMPLEADO', 'M', 'Girardot', 'CELULAR', 'CC', 1070607882, '2017-06-24 05:06:13', 'samaelgomezf@hotmail.com', 1),
(273, 'Sergio Steven Camargo osorio', 14, 'TURISTA', 'M', 'Bogotá', 'CELULAR', 'TI', 1002394823, '2017-06-24 05:06:38', 'sergiocamargoXD@gmail.com', 1),
(274, 'J. Manuel Córdoba Zarta', 27, 'EMPLEADO', 'M', 'Girardot', 'CELULAR', 'CC', 1070597491, '2017-06-24 05:06:45', 'manucordobazarta@gmail.com', 1),
(275, 'J. Manuel Córdoba Zarta', 27, 'EMPLEADO', 'M', 'Girardot', 'OTROS', 'CC', 1070597491, '2017-06-24 05:06:49', 'manucordobazarta@gmail.com', 0),
(276, 'Carlos Antonio gonzales morales', 36, 'EMPLEADO', 'M', 'Bogotá', 'PORTATIL', 'CC', 5829426, '2017-06-24 05:06:54', 'cagm7771@hotmail.com', 1),
(277, 'Rafael Andrés Romero Ortiz', 23, 'EMPLEADO', 'M', 'Girardot', 'CELULAR', 'CC', 101, '2017-06-24 06:06:11', 'andr3x_77@hotmail.com', 0),
(278, 'Edwin Velásquez tabares', 40, 'EMPLEADO', 'M', 'Girardot', 'CELULAR', 'CC', 79986215, '2017-06-24 06:06:15', 'edwinarley2102@hotmail.com', 1),
(279, 'Erika lizeth garcia', 30, 'EMPLEADO', 'F', 'Girardot', 'PORTATIL', 'CC', 1070588491, '2017-06-24 06:06:10', '', 1),
(280, 'Erika lizeth garcia', 30, 'TURISTA', 'F', 'Girardot', 'CELULAR', 'CC', 1070588491, '2017-06-24 06:06:56', 'ddanaysantiago@2017.con.co', 0),
(281, 'Jhoan Sebastián gonzales', 20, 'EMPLEADO', 'M', 'Bogotá', 'CELULAR', 'CC', 1233690152, '2017-06-24 06:06:46', 'sebaz47d@yopmail.com', 1),
(282, 'Carlos Antonio gonzales morales', 36, 'EMPLEADO', 'M', 'Bogotá', 'PORTATIL', 'CC', 5829426, '2017-06-24 07:06:08', '', 0),
(283, 'Jaqueline acosta peña', 36, 'EMPLEADO', 'F', 'Bogotá', 'CELULAR', 'CC', 52449133, '2017-06-24 07:06:47', 'jacostap.1180@hotmail.com', 1),
(284, 'Juan José Sánchez montoya ', 14, 'EMPLEADO', 'M', 'Girardot', 'CELULAR', 'TI', 1000807164, '2017-06-24 07:06:59', 'Jjsamo0217@gmail.com', 0),
(285, 'Juan José Sánchez montoya ', 14, 'ESTUDIANTE', 'M', 'Bogotá', 'CELULAR', 'TI', 1000807164, '2017-06-24 07:06:46', 'Jjsamo217@gmail.com', 0),
(286, 'Manuel Gilberto', 46, 'INDEPENDIENTE', 'M', 'Bogotá', 'CELULAR', 'CC', 79563528, '2017-06-24 08:06:57', 'manuelguerrero715@hotmail.com', 0),
(287, 'Cristian andres ramirez colorado', 27, 'EMPLEADO', 'M', 'Girardot', 'CELULAR', 'CC', 1069175560, '2017-06-24 08:06:01', 'ccramirez06@misena.edu.co', 1),
(288, 'joseovidiofariaszabala ', 20, 'TURISTA', 'M', 'Girardot', 'PORTATIL', 'CC', 29569824, '2017-06-24 08:06:33', 'jofa0693@gamail.com', 1),
(289, 'joseovidiofariaszabala ', 20, 'TURISTA', 'M', 'Extranjero', 'PORTATIL', 'CC', 29569824, '2017-06-24 08:06:14', 'jofa0693@gamail.com', 0),
(290, 'joseangelcalderondevia', 35, 'EMPLEADO', 'M', 'Flandes', 'PORTATIL', 'CC', 93435292, '2017-06-24 09:06:22', 'angeldevia78@gmail.com', 0),
(291, 'Andrés Urquijo', 28, 'INDEPENDIENTE', 'M', 'Girardot', 'CELULAR', 'CC', 1070595260, '2017-06-24 09:06:58', 'jauc280410@gmail.com', 1),
(292, 'Andrés Urquijo', 28, 'INDEPENDIENTE', 'M', 'Girardot', 'CELULAR', 'CC', 1070595260, '2017-06-24 09:06:25', 'jauc280410@gmail.com', 0),
(293, 'Andrés Urquijo', 28, 'INDEPENDIENTE', 'M', 'Bogotá', 'CELULAR', 'CC', 1070595260, '2017-06-24 09:06:48', 'jauc280410@gmail.com', 0),
(294, 'Andrés Urquijo', 28, 'INDEPENDIENTE', 'M', 'Girardot', 'CELULAR', 'CC', 1070595260, '2017-06-24 09:06:07', 'jauc280410@gmail.com', 0),
(295, 'Juan Álvarez ', 23, 'ESTUDIANTE', 'M', 'Girardot', 'CELULAR', 'CC', 1070615686, '2017-06-24 09:06:27', 'starty_24@hotmail.com', 1),
(296, 'Nelly Vidal', 24, 'INDEPENDIENTE', 'F', 'Girardot', 'CELULAR', 'CC', 1109845407, '2017-06-24 10:06:22', '', 0),
(297, 'Nelly Vidal', 24, 'INDEPENDIENTE', 'F', 'Girardot', 'CELULAR', 'CC', 1109846407, '2017-06-24 10:06:39', '', 0),
(298, 'Nicolás Esteban Sánchez veloza ', 21, 'EMPLEADO', 'M', 'Bogotá', 'CELULAR', 'CC', 1014268077, '2017-06-24 10:06:01', 'nicolas.sanchez@cun.edu.co', 1),
(299, 'Elkin Rodriguez', 47, 'EMPLEADO', 'M', 'Bogotá', 'CELULAR', 'CC', 79134195, '2017-06-25 07:06:30', 'elkinorv@gmail.com', 1),
(300, 'Yesid urbano', 25, 'EMPLEADO', 'M', 'Bogotá', 'CELULAR', 'CC', 1013624027, '2017-06-25 09:06:19', 'urbanook@live.com', 1),
(301, 'Yesid urbano', 25, 'EMPLEADO', 'M', 'Bogotá', 'CELULAR', 'CC', 1013624027, '2017-06-25 09:06:53', 'urbanook@live.com', 0),
(302, 'Rusbel', 28, 'EMPLEADO', 'M', 'Flandes', 'CELULAR', 'CC', 1013602120, '2017-06-25 09:06:38', 'william@hotmail.com', 0),
(303, 'Nicolás Esteban Sánchez veloza ', 21, 'EMPLEADO', 'M', 'Bogotá', 'CELULAR', 'CC', 1014268077, '2017-06-25 12:06:27', 'nicolas.sanchez@cun.edu.co', 0),
(304, 'Nicolás Esteban Sánchez veloza ', 21, 'EMPLEADO', 'M', 'Bogotá', 'CELULAR', 'CC', 1014268077, '2017-06-25 12:06:39', 'nicolas.sanchez@cun.edu.co', 0),
(305, 'Adriana Carolina Mora Celis', 27, 'EMPLEADO', 'F', 'Bogotá', 'CELULAR', 'CC', 1012360560, '2017-06-25 01:06:20', 'carolamora12@hotmail.com', 1),
(306, 'Miguel Felipe rincon', 25, 'ESTUDIANTE', 'M', 'Bogotá', 'IPAD', 'CC', 1026570162, '2017-06-25 03:06:16', 'trabajoscole_01@hotmail.com', 1),
(307, 'Adriana ochoa', 36, 'EMPLEADO', 'F', 'Girardot', 'CELULAR', 'CC', 39580293, '2017-06-25 04:06:09', '', 1),
(308, 'Javier Leonardo Becerra', 29, 'EMPLEADO', 'M', 'Bogotá', 'CELULAR', 'CC', 1032391788, '2017-06-25 04:06:12', 'shaby07.jb@gmail.com', 1),
(309, 'Nicolas david mutis alzate', 18, 'EMPLEADO', 'M', 'Bogotá', 'CELULAR', 'CC', 1070926816, '2017-06-25 04:06:41', 'nicolas.mutis98@gmail.com', 1),
(310, 'joseovidiofariaszabala ', 20, 'TURISTA', 'M', 'Extranjero', 'CELULAR', 'CC', 29569824, '2017-06-25 04:06:10', 'jofa0693@gmail.com', 0),
(311, 'Lorena Gutiérrez Torres', 21, 'ESTUDIANTE', 'F', 'Bogotá', 'CELULAR', 'CC', 1016086199, '2017-06-25 05:06:56', 'Lorena.69@Outlook.es', 1),
(312, 'Lorena Gutiérrez Torres', 21, 'ESTUDIANTE', 'F', 'Bogotá', 'CELULAR', 'CC', 1016086199, '2017-06-25 05:06:35', 'Lorena.69@Outlook.es', 0),
(313, 'Montaño Jhojan', 17, 'EMPLEADO', 'M', 'Girardot', 'CELULAR', 'TI', 1000973391, '2017-06-25 06:06:18', 'jhojan2312@hotmail.com', 1),
(314, 'charol ', 21, 'ESTUDIANTE', 'F', 'Bogotá', 'CELULAR', 'TI', 1000871765, '2017-06-25 06:06:19', 'carolhasbleidi@hotmail.com', 1),
(315, 'Edisson Ovalle', 28, 'ESTUDIANTE', 'M', 'Girardot', 'CELULAR', 'CC', 1032415461, '2017-06-25 06:06:44', 'ovalleedisson@hotmail.com', 0),
(316, 'Edisson Ovalle', 28, 'TURISTA', 'M', 'Girardot', 'CELULAR', 'CC', 1032415461, '2017-06-25 06:06:17', 'ovalleedisson@hotmail.com', 0),
(317, 'hector Javier Céspedes', 30, 'EMPLEADO', 'M', 'Bogotá', 'CELULAR', 'CC', 1014178780, '2017-06-25 06:06:22', 'javier.cespedes.c@gmail.com', 1),
(318, 'hector Javier Céspedes', 30, 'EMPLEADO', 'M', 'Bogotá', 'CELULAR', 'CC', 1014178780, '2017-06-25 06:06:54', 'javier.cespedes.c@gmail.com', 0),
(319, 'hector Javier Céspedes', 30, 'EMPLEADO', 'M', 'Bogotá', 'CELULAR', 'CC', 1014178780, '2017-06-25 07:06:18', 'javier.cespedes.c@gmail.com', 0),
(320, 'Robert Rodriguez ', 26, 'ESTUDIANTE', 'M', 'Bogotá', 'CELULAR', 'CC', 1010196277, '2017-06-25 07:06:28', 'Robrod-24@hotmail.com', 0),
(321, 'Robert Rodriguez ', 26, 'ESTUDIANTE', 'M', 'Bogotá', 'CELULAR', 'CC', 1010196277, '2017-06-25 07:06:51', 'Robrod-24@hotmail.com', 0),
(322, 'Robert Rodriguez ', 26, 'ESTUDIANTE', 'M', 'Bogotá', 'CELULAR', 'CC', 1010196277, '2017-06-25 07:06:56', 'Robrod-24@hotmail.com', 0),
(323, 'Robert Rodriguez ', 26, 'ESTUDIANTE', 'M', 'Bogotá', 'CELULAR', 'CC', 1010196277, '2017-06-25 07:06:00', 'Robrod-24@hotmail.com', 0),
(324, 'Robert Rodriguez ', 26, 'ESTUDIANTE', 'M', 'Bogotá', 'CELULAR', 'CC', 1010196277, '2017-06-25 07:06:01', 'Robrod-24@hotmail.com', 0),
(325, 'Robert Rodriguez ', 26, 'ESTUDIANTE', 'M', 'Bogotá', 'CELULAR', 'CC', 1010196277, '2017-06-25 07:06:02', 'Robrod-24@hotmail.com', 0),
(326, 'Robert Rodriguez ', 26, 'ESTUDIANTE', 'M', 'Bogotá', 'CELULAR', 'CC', 1010196277, '2017-06-25 07:06:03', 'Robrod-24@hotmail.com', 0),
(327, 'Jose lopez', 22, 'ESTUDIANTE', 'M', 'Girardot', 'CELULAR', 'CC', 1012036245, '2017-06-25 07:06:05', 'cores455@gmail.com', 0),
(328, 'joseovidiofariaszabala', 17111997, 'TURISTA', 'M', 'Girardot', 'CELULAR', 'CC', 29569824, '2017-06-25 08:06:59', 'jofa0693@gmail.com', 0),
(329, 'Oscar mogollón ', 30, 'EMPLEADO', 'M', 'Bogotá', 'CELULAR', 'CC', 1108452392, '2017-06-25 08:06:42', 'Oscarivan28@hotmail.com', 1),
(330, 'Nataly mora', 23, 'EMPLEADO', 'F', 'Bogotá', 'CELULAR', 'CC', 1022386810, '2017-06-25 08:06:56', '', 1),
(331, 'Carlos guerrero', 31, 'TURISTA', 'M', 'Bogotá', 'CELULAR', 'CC', 1030527129, '2017-06-25 08:06:27', 'warrior8612@hotmail.com', 1),
(332, 'Oscar mogollón ', 30, 'EMPLEADO', 'M', 'Bogotá', 'CELULAR', 'CC', 1108452392, '2017-06-25 08:06:00', '', 0),
(333, 'Oscar mogollón ', 30, 'EMPLEADO', 'M', 'Bogotá', 'CELULAR', 'CC', 1108452392, '2017-06-25 08:06:02', '', 0),
(334, 'Juan Sebastian castaño', 32, 'ESTUDIANTE', 'M', 'Bogotá', 'CELULAR', 'CC', 1033511833, '2017-06-25 09:06:28', '', 1),
(335, 'Juan Sebastian castaño', 17, 'ESTUDIANTE', 'M', 'Bogotá', 'CELULAR', 'TI', 981108227, '2017-06-25 09:06:24', '', 1),
(336, 'Milena rincon', 30, 'INDEPENDIENTE', 'F', 'Girardot', 'CELULAR', 'CC', 1018406169, '2017-06-25 10:06:56', 'anelim515@gmail.com', 1),
(337, 'Miguel Ángel muñoz', 22, 'ESTUDIANTE', 'M', 'Bogotá', 'CELULAR', 'CC', 1919233687, '2017-06-25 10:06:18', 'bramzom53@gmial.com', 1),
(338, 'Leidy Benitez', 19, 'ESTUDIANTE', 'F', 'Bogotá', 'CELULAR', 'CC', 1032493865, '2017-06-25 11:06:32', 'leidy.benitez.1009@hotmail.com', 1),
(339, 'hernando paramo leom', 14232074, 'INDEPENDIENTE', 'M', 'Girardot', 'CELULAR', 'CC', 14232074, '2017-06-26 07:06:23', 'hernandoparamoleon@gmail.com', 0),
(340, 'solanyi Valencia', 24, 'TURISTA', 'F', 'Bogotá', 'PORTATIL', 'CC', 1061758487, '2017-06-26 07:06:49', 'estefanivalen08@gmail.com', 1),
(341, 'Fabián', 33, 'EMPLEADO', 'M', 'Bogotá', 'PORTATIL', 'CC', 10300722, '2017-06-26 07:06:02', 'xvz@hotmai.com', 1),
(342, 'Fabián', 33, 'EMPLEADO', 'M', 'Bogotá', 'OTROS', 'CC', 10300722, '2017-06-26 07:06:41', 'xvz@hotmai.com', 0),
(343, 'Mike leon', 25, 'EMPLEADO', 'M', 'Flandes', 'CELULAR', 'CC', 1069737809, '2017-06-26 08:06:11', 'mikeqcd@gmail.com', 1),
(344, 'Mike leon', 25, 'EMPLEADO', 'M', 'Flandes', 'CELULAR', 'CC', 1069737809, '2017-06-26 08:06:14', 'mikeqcd@gmail.com', 0),
(345, 'María Pérez', 24, 'TURISTA', 'F', 'Bogotá', 'PORTATIL', 'CC', 1234567890, '2017-06-26 08:06:34', 'm.p@gmail.com', 1),
(346, 'jose mauricio rojas salazar', 42, 'EMPLEADO', 'M', 'Girardot', 'CELULAR', 'CC', 458388, '2017-06-26 11:06:03', 'jose458388@gmail.com', 0),
(347, 'jose mauricio rojas salazar', 42, 'EMPLEADO', 'M', 'Viotá', 'CELULAR', 'CC', 458388, '2017-06-26 11:06:30', 'jose458388@gmail.com', 0),
(348, 'maria esperanzas', 28, 'EMPLEADO', 'M', 'Girardot', 'CELULAR', 'CC', 1070599713, '2017-06-26 01:06:12', '', 0),
(349, 'Eduardo MOLANO ', 45, 'ESTUDIANTE', 'M', 'Bogotá', 'CELULAR', 'CC', 79424628, '2017-06-26 01:06:10', 'dagom15@hotmail.com', 1),
(350, 'Jesús alberto puerto castro', 23, 'EMPLEADO', 'M', 'Girardot', 'CELULAR', 'CC', 1070608829, '2017-06-26 04:06:01', 'puertojesus@gmail.com', 1),
(351, 'Carolina poloche', 21, 'TURISTA', '', 'Natagaima', 'CELULAR', 'CC', 1109846788, '2017-06-26 05:06:02', 'carolinapolochecardoso29@outlook.es', 1),
(352, 'ELEONORA RODRÍGUEZ CONDE', 53, 'TURISTA', 'F', 'Bogotá', 'CELULAR', 'CC', 39556636, '2017-06-26 05:06:59', 'lehito63@hotmail.coml', 1),
(353, 'Jhoner edeimer zuleta galindo', 25, 'EMPLEADO', 'M', 'Girardot', 'CELULAR', 'CC', 1075666369, '2017-06-26 05:06:47', 'jhonerzuleta@gmail.com', 1),
(354, 'Jhoner edeimer zuleta galindo', 25, 'EMPLEADO', 'M', 'Girardot', 'CELULAR', 'CC', 1075666369, '2017-06-26 06:06:37', 'jhonerzuleta@gmail.com', 0),
(355, 'Jhoner edeimer zuleta galindo', 25, 'EMPLEADO', 'M', 'Girardot', 'CELULAR', 'CC', 1075666369, '2017-06-26 06:06:00', 'jhonerzuleta@gmail.com', 0),
(356, 'Dany mendez', 22, 'ESTUDIANTE', 'M', 'Girardot', 'CELULAR', 'CC', 1070615440, '2017-06-26 06:06:55', 'danny_0114@hotmail.com', 1),
(357, 'Dany mendez', 22, 'ESTUDIANTE', 'M', 'Girardot', 'CELULAR', 'CC', 1070615440, '2017-06-26 06:06:37', 'danny_0114@hotmail.com', 0),
(358, 'Dany mendez', 22, 'TURISTA', 'M', 'Bogotá', 'CELULAR', 'CC', 1070615440, '2017-06-26 06:06:57', 'danny_0114@hotmail.com', 0),
(359, 'Julieth Pérez Ramírez ', 19, 'ESTUDIANTE', 'F', 'Bogotá', 'CELULAR', 'CC', 1019136536, '2017-06-26 06:06:02', 'jsperez87@misrna.edu.co', 1),
(360, 'maria Fernanda penagos', 31, 'EMPLEADO', 'F', 'Girardot', 'CELULAR', 'CC', 39583269, '2017-06-26 07:06:46', '', 1),
(361, 'Yeny peña', 25, 'EMPLEADO', 'F', 'Bogotá', 'CELULAR', 'CC', 1121825625, '2017-06-26 07:06:44', 'ayep21@hotmail.com', 0),
(362, 'Yeny peña', 25, 'EMPLEADO', 'F', 'Bogotá', 'CELULAR', 'CC', 1121825625, '2017-06-26 07:06:48', 'ayep21@hotmail.com', 0),
(363, 'Maria fernanda penagos', 31, 'EMPLEADO', 'F', 'Girardot', 'CELULAR', 'CC', 39583269, '2017-06-26 07:06:02', '', 0),
(364, 'Juandiegodiaz', 16, 'TURISTA', 'O', 'Bogotá', 'CELULAR', 'CC', 100168976, '2017-06-26 07:06:54', 'juandiego@gmail.com', 1),
(365, 'Juandiegodiaz', 16, 'TURISTA', 'O', 'Bogotá', 'CELULAR', 'CC', 100168976, '2017-06-26 07:06:50', 'juandiego@gmail.com', 0);
INSERT INTO `usuario` (`id_usuario`, `nom_usuario`, `edad`, `ocupacion`, `genero`, `ciudad`, `dispositivo`, `tdc`, `ndc`, `ff_hh`, `email`, `encuesta`) VALUES
(366, 'Juandiegodiaz', 17, 'ESTUDIANTE', 'M', 'Bogotá', 'CELULAR', 'TI', 1000168976, '2017-06-26 07:06:08', 'juandiego@gmail.com', 1),
(367, 'Luz angela rincón ', 38, 'EMPLEADO', 'M', 'Girardot', 'CELULAR', 'CC', 35529858, '2017-06-26 10:06:34', '', 0),
(368, 'gerardo Valderrama martinez', 45, 'EMPLEADO', 'M', 'Girardot', 'CELULAR', 'CC', 12194091, '2017-06-27 06:06:16', 'gevalma358@gmail.com', 0),
(369, 'Karen Ortega', 33, 'INDEPENDIENTE', 'F', 'Girardot', 'CELULAR', 'CC', 39582619, '2017-06-27 09:06:51', 'kaortega.1984@gmail.com', 1),
(370, 'Karen Ortega', 33, 'INDEPENDIENTE', 'F', 'Girardot', 'CELULAR', 'CC', 39582619, '2017-06-27 09:06:01', 'kaortega.1984@gmail.com', 0),
(378, 'Carlos', 11, 'EMPLEADO', 'M', 'Ricaurte', 'CELULAR', 'CC', 11111, '2017-06-27 12:06:17', 'carloshg@gmail.com', 4),
(379, 'Javier montaña', 26, 'EMPLEADO', 'M', 'Girardot', 'CELULAR', 'CC', 110682678, '2017-06-27 12:06:22', 'javier252@hotmail.es', 0),
(380, 'Jessica alrexandra', 24, 'ESTUDIANTE', 'M', 'Girardot', 'CELULAR', 'CC', 1108933351, '2017-06-27 12:06:39', 'john.fredy1596@hotmail.com', 1),
(381, 'Eddy Rodrigues suescum', 40, 'INDEPENDIENTE', 'F', 'Ricaurte', 'CELULAR', 'CC', 20687257, '2017-06-27 12:06:09', '', 1),
(382, 'Alfonso', 40, 'EMPLEADO', 'M', 'Bogotá', 'CELULAR', 'CC', 79904394, '2017-06-27 12:06:13', 'pochitolaiseca@hotmail.com', 2),
(383, 'Martha lucia', 52, 'EMPLEADO', 'M', 'Bogotá', 'CELULAR', 'CC', 51784818, '2017-06-27 01:06:36', 'Mlrodriguez@superfinanciera.gov.co', 2),
(384, 'Jhoan conde', 19, 'ESTUDIANTE', 'M', 'Bogotá', 'CELULAR', 'CC', 1013675638, '2017-06-27 02:06:25', 'jhoans22@hotmail.com', 4),
(385, 'Andrés suarez', 39, 'EMPLEADO', 'M', 'Bogotá', 'CELULAR', 'CC', 84315758, '2017-06-27 04:06:12', 'carlosjavi1999@hotmail.com', 0),
(386, 'Andrés suarez', 35, 'EMPLEADO', 'M', 'Bogotá', 'CELULAR', 'CC', 80458126, '2017-06-27 04:06:33', 'carlosjavi19@hotmail.com', 0),
(387, 'Stephania Cortés', 18, 'ESTUDIANTE', 'F', 'Bogotá', 'CELULAR', 'CC', 11234561, '2017-06-27 04:06:32', 'javifete99@gmail.com', 0),
(388, 'Stephania Cortés', 18, 'ESTUDIANTE', 'F', 'Bogotá', 'CELULAR', 'CC', 11234561, '2017-06-27 04:06:37', 'javifete99@gmail.com', 0),
(389, 'Carlos', 22, 'EMPLEADO', 'M', 'Girardot', 'CELULAR', 'CE', 22222, '2017-06-27 05:06:00', '', 3),
(390, 'Hg', 24, 'EMPLEADO', 'M', 'Flandes', 'CELULAR', 'CC', 33333, '2017-06-27 05:06:38', 'hg@gmail.com', 1),
(391, '66', 66, 'EMPLEADO', 'M', 'Flandes', 'CELULAR', 'TI', 66666, '2017-06-27 05:06:14', '66@gmail.com', 4),
(392, '66', 66, 'EMPLEADO', 'M', 'Flandes', 'CELULAR', 'CC', 666666, '2017-06-27 05:06:11', '6666@gmail.com', 2),
(393, '77', 77, 'EMPLEADO', 'M', 'Girardot', 'CELULAR', 'CC', 77777, '2017-06-27 05:06:34', '77@gmail.com', 2),
(394, 'briyith pachon cedano', 18, 'ESTUDIANTE', 'F', 'Girardot', 'OTROS', 'CC', 1109264259, '2017-06-27 07:06:57', 'briyithpachoncdn@gmail.com', 2),
(395, 'roxana pachon', 21, 'INDEPENDIENTE', 'F', 'Girardot', 'OTROS', 'CE', 1109264258, '2017-06-27 07:06:42', 'roxanapachon@hotmail.com', 1),
(396, 'Miguel angel chaves garzon', 19, 'EMPLEADO', 'M', 'Girardot', 'CELULAR', 'CC', 1108456906, '2017-06-27 07:06:55', 'miguelchat18@hotmail.com', 4),
(397, 'Marili cortés ', 22, 'TURISTA', 'F', 'Bogotá', 'CELULAR', 'CC', 1030661599, '2017-06-27 08:06:13', 'Marilycortes22@gmail.com', 2),
(398, 'Dayana Marcela Mendivelso Grandas ', 15, 'ESTUDIANTE', 'F', 'Bogotá', 'CELULAR', 'TI', 1000158808, '2017-06-27 08:06:31', 'dayis.g@hotmail.com', 0),
(399, 'Juan Manuel Fuentes Melgarejo', 20, 'ESTUDIANTE', 'M', 'Bogotá', 'CELULAR', 'CC', 1019128035, '2017-06-27 08:06:41', 'manuelf1696@hormail.com', 1),
(400, 'Juan Manuel Fuentes Melgarejo', 20, 'ESTUDIANTE', 'M', 'Bogotá', 'CELULAR', 'CC', 1019128035, '2017-06-27 08:06:46', 'manuelf1696@hormail.com', 0),
(401, 'Camilo', 28, 'COMERCIANTE', 'M', 'Bogotá', 'CELULAR', 'CC', 1024425412, '2017-06-27 08:06:18', 'semafws1@hotmail.com', 1),
(402, 'Paola Ximena melgarejo ', 38, 'EMPLEADO', 'F', 'Bogotá', 'CELULAR', 'CC', 52524078, '2017-06-27 08:06:06', 'ximena1623@hotmail.com', 1),
(403, 'Camilo Núñez', 28, 'EMPLEADO', 'M', 'Bogotá', 'CELULAR', 'CC', 1024485412, '2017-06-27 08:06:15', 'semafws2@hotmail.com', 1),
(404, 'Rosa Helena', 39, 'INDEPENDIENTE', 'F', 'Girardot', 'CELULAR', 'CC', 52383838, '2017-06-27 09:06:47', 'vanessita_99_02@outlook.com', 2),
(405, 'Jose antonio cuervo', 65, 'EMPLEADO', 'M', 'Girardot', 'CELULAR', 'CC', 11295681, '2017-06-28 06:06:43', 'cuervobernate@gnail.com', 2),
(406, '', 33, 'EMPLEADO', 'F', 'Girardot', 'CELULAR', 'CC', 39582289, '2017-06-28 07:06:34', '', 2),
(407, 'Carlos Garcia', 20, 'EMPLEADO', 'M', 'Girardot', 'CELULAR', 'CC', 1118567386, '2017-06-28 10:06:47', 'tattogarcia97@gmail.com', 0),
(408, 'Fabio hernandez', 23, 'EMPLEADO', 'M', 'Girardot', 'CELULAR', 'CC', 1073167497, '2017-06-28 11:06:20', 'fabio94.05@gmail.com', 0),
(409, 'William ', 40, 'TURISTA', 'M', 'Bogotá', 'CELULAR', 'CC', 79759537, '2017-06-28 12:06:20', 'williamrochabernal@hotmail.com', 3),
(410, 'Ana lucia', 38, 'INDEPENDIENTE', 'F', 'Nilo', 'CELULAR', 'CC', 36752822, '2017-06-28 12:06:34', 'anitax6@hotmail.com', 1),
(411, 'Ana lucia', 38, 'INDEPENDIENTE', 'F', 'Nilo', 'CELULAR', 'CC', 36752822, '2017-06-28 12:06:35', 'anitax6@hotmail.com', 0),
(412, 'Jander alfonzo', 18, 'ESTUDIANTE', 'M', 'Girardot', 'CELULAR', 'CC', 1003063849, '2017-06-28 12:06:15', '', 1),
(413, 'Jander alfonzo', 18, 'EMPLEADO', 'M', 'Girardot', 'CELULAR', 'CC', 20, '2017-06-28 12:06:04', '', 1),
(414, 'Dairo Mancera Olivero', 41, 'EMPLEADO', 'M', 'Flandes', 'CELULAR', 'CC', 79829007, '2017-06-28 12:06:48', '', 1),
(415, 'Jander alfonzo', 18, 'EMPLEADO', 'M', 'Girardot', 'CELULAR', 'CC', 1003063849, '2017-06-28 01:06:05', '', 0),
(416, 'Cristian Fernando Gaviria Galindo', 27, 'ESTUDIANTE', 'M', 'Bogotá', 'CELULAR', 'CC', 1030591474, '2017-06-28 01:06:52', 'kristiangavg@gmailcom', 3),
(417, 'Ángela marcela santos', 29, 'INDEPENDIENTE', 'F', 'Girardot', 'CELULAR', 'CC', 1083875412, '2017-06-28 01:06:53', 'marccela1108@yahoo.com', 2),
(418, 'Editth Araujo', 23, 'ESTUDIANTE', 'F', 'Girardot', 'CELULAR', 'CC', 1108455710, '2017-06-28 02:06:55', 'araujoedith0@gmail.com', 2),
(419, 'Yuly Andrea López Rodríguez', 22, 'INDEPENDIENTE', 'F', 'Anapoima', 'CELULAR', 'CC', 1070330331, '2017-06-28 02:06:50', 'andrin9654@hotmail.com', 1),
(420, 'Editth Araujo', 23, 'ESTUDIANTE', 'F', 'Girardot', 'CELULAR', 'CC', 1108455170, '2017-06-28 02:06:05', 'emaraujo@misena.edu.co', 1),
(421, 'Jander alfonzo', 18, 'EMPLEADO', 'M', 'Girardot', 'CELULAR', 'CC', 323421687, '2017-06-28 02:06:37', '', 3),
(422, 'Yuddy Fino', 38, 'EMPLEADO', 'F', 'Girardot', 'CELULAR', 'CC', 1024, '2017-06-28 04:06:59', 'yuddy@hotmail.com', 2),
(423, 'Joan Garcia', 29, 'ESTUDIANTE', 'M', 'Bogotá', 'CELULAR', 'CC', 1016007773, '2017-06-28 05:06:52', 'joangarciagarcia01@hotmail.com', 0),
(424, '88', 88, 'EMPLEADO', 'M', 'Flandes', 'CELULAR', 'CC', 888888, '2017-06-28 05:06:16', '88@gmail.com', 4),
(425, 'Leidy Stefany Reyes', 25, 'ESTUDIANTE', 'F', 'Girardot', 'CELULAR', 'CC', 1070604345, '2017-06-28 05:06:20', 'reyeslady0711@gmail.com', 1),
(426, '99', 99, 'EMPLEADO', 'M', 'Flandes', 'CELULAR', 'CC', 999999, '2017-06-28 05:06:19', '99@gmail.com', 2),
(427, '99', 99, 'EMPLEADO', 'M', 'Flandes', 'CELULAR', 'CC', 99999, '2017-06-28 05:06:12', '999@gmail.com', 4),
(428, 'Eduardo', 25, 'TURISTA', 'M', 'Nilo', 'CELULAR', 'CC', 1022376383, '2017-06-28 06:06:04', 'eduardo061392@hotmail.com', 0),
(429, 'Camilo sanchez', 24, 'EMPLEADO', 'M', 'Girardot', 'CELULAR', 'CC', 1070609616, '2017-06-28 07:06:32', 'kmilosanpe@hotmail.com', 3),
(430, 'David Hernando Burgos Abdala', 31, 'EMPLEADO', 'M', 'Girardot', 'CELULAR', 'CC', 1070584644, '2017-06-28 08:06:39', 'burgosabdala@hotmail.com', 2),
(431, 'Nn', 99, 'EMPLEADO', 'M', 'Girardot', 'CELULAR', 'CC', 9999, '2017-06-29 09:06:48', 'hh@gmail.co', 1),
(432, 'cristian camilo romero cardenas', 18, 'ESTUDIANTE', 'M', 'Girardot', 'CELULAR', 'CC', 1234642624, '2017-06-29 10:06:39', 'camirom9@gmail.com', 1),
(433, 'cristian camilo chavez caicedo ', 22, 'ESTUDIANTE', 'M', 'Girardot', 'CELULAR', 'CC', 1070616105, '2017-06-29 11:06:42', 'cristian-chavez5321@hotmail.com', 1),
(434, 'angie catherine sarmiento villaraga', 21, 'TURISTA', 'F', 'Girardot', 'CELULAR', 'CC', 1070618650, '2017-06-29 11:06:10', 'caterine.15@hotmail.com', 1),
(435, 'Luis Miguel Acosta Andrade', 15, 'ESTUDIANTE', 'M', 'Yopal', 'CELULAR', 'TI', 1002194730, '2017-06-29 01:06:53', 'lumiaa-2001@hotmail.com', 0),
(436, 'Anderson Aldair Hernández Ibatá', 20, 'TURISTA', 'M', 'Flandes', 'CELULAR', 'CC', 1108456777, '2017-06-29 02:06:51', 'aldairhi.97@gmail.com', 1),
(437, 'Brandon May Vargas ', 22, 'EMPLEADO', 'M', 'Girardot', 'CELULAR', 'CC', 1070613896, '2017-06-29 03:06:09', 'brandonmay9436@gmail.com', 3),
(438, 'Miguel angel rojas', 52, 'EMPLEADO', 'M', 'Girardot', 'CELULAR', 'CC', 79354253, '2017-06-29 04:06:57', 'primiciadejh666sss@hotmail.com', 4),
(439, 'HECTOR ALFONSO RAMIREZ MONTES', 55, 'INDEPENDIENTE', 'M', 'Girardot', 'CELULAR', 'CC', 11306099, '2017-06-29 04:06:27', 'hectoralfonso.ramirezmontes@gmail.com', 4),
(440, 'Miguel', 29, 'TURISTA', 'M', 'Bogotá', 'CELULAR', 'CC', 1003274855, '2017-06-29 05:06:07', '', 1),
(441, 'hector jimenez ortiz', 47, 'COMERCIANTE', 'M', 'Girardot', 'CELULAR', 'CC', 11317738, '2017-06-29 06:06:48', '', 2),
(442, 'Jeimy jomaira bernal', 26, 'INDEPENDIENTE', 'F', 'Girardot', 'CELULAR', 'CC', 1024506328, '2017-06-29 06:06:51', 'maira.bernal04@gmail.com', 2),
(443, 'hector jimenez ortiz', 47, 'EMPLEADO', 'M', 'Girardot', 'CELULAR', 'CC', 11317768, '2017-06-29 06:06:34', 'hajo-7007@hotmail.com', 1),
(444, 'José López cruz', 52, 'COMERCIANTE', 'M', 'Girardot', 'IPAD', 'CC', 79352612, '2017-06-29 06:06:38', 'yosisoytikkor@hotmail.com', 3),
(445, 'carlos monroy', 15, 'ESTUDIANTE', 'M', 'Medellín', 'CELULAR', 'TI', 1001220143, '2017-06-29 08:06:00', 'carlos200218@gmail.com', 1),
(446, 'carlos', 15, 'ESTUDIANTE', 'M', 'Medellín', 'CELULAR', 'TI', 52022908, '2017-06-29 08:06:16', 'carlos200w18@gmail.com', 1),
(447, 'paula romero', 16, 'ESTUDIANTE', 'F', 'Bogotá', 'CELULAR', 'CC', 1010056920, '2017-06-29 08:06:00', 'santafe.pauliz@gmail.com', 2),
(448, 'Raúl Eduardo Castro García', 35, 'EMPLEADO', 'M', 'Girardot', 'CELULAR', 'CC', 11227677, '2017-06-30 08:06:59', 'eduardoCastro1092@gmail.com', 1),
(449, 'manel callejas', 37, 'EMPLEADO', 'M', 'Girardot', 'CELULAR', 'CC', 1122753, '2017-06-30 09:06:29', '', 1),
(450, 'amaliA andrea aroca', 40, 'EMPLEADO', 'F', 'Girardot', 'CELULAR', 'CC', 39579720, '2017-06-30 10:06:22', '', 1),
(451, 'manuel callejas', 37, 'EMPLEADO', 'M', 'Girardot', 'CELULAR', 'CC', 11223753, '2017-06-30 10:06:43', '', 3),
(452, '', 50, 'EMPLEADO', 'M', 'Girardot', 'CELULAR', 'CC', 79419379, '2017-06-30 10:06:35', '', 0),
(453, 'Nancy Díaz Ballesteros.', 36, 'EMPLEADO', 'F', 'Bogotá', 'CELULAR', 'CC', 52725412, '2017-06-30 10:06:51', 'nancydia@hotmail.con', 1),
(454, 'Benjamin cortes', 21, 'ESTUDIANTE', 'M', 'Girardot', 'CELULAR', 'CC', 1070619025, '2017-06-30 02:06:05', '', 1),
(455, 'Alfonso ', 42, 'TURISTA', 'M', 'Honda ', 'CELULAR', 'CC', 14322280, '2017-06-30 03:06:12', '', 1),
(456, 'Luis Alfonso oviedo ', 28, 'EMPLEADO', 'M', 'Bogotá', 'CELULAR', 'CC', 1121847093, '2017-06-30 03:06:32', 'Luisoviedo-33@hotmail.com', 0),
(457, 'Benjamin cortes', 21, 'INDEPENDIENTE', 'M', 'Flandes', 'CELULAR', 'CC', 1070619025, '2017-06-30 03:06:04', '', 0),
(458, 'Juanita Rojas Varela', 16, 'ESTUDIANTE', 'F', 'Bogotá', 'CELULAR', 'TI', 1001331836, '2017-06-30 05:06:55', 'juanisbonita_1303@hotmail.com', 4),
(459, 'Luisfelipegonzalez', 22, 'TURISTA', 'M', 'Bogotá', 'CELULAR', 'CC', 1108456133, '2017-06-30 06:06:59', 'pipe2229@hotmail.com', 1),
(460, 'Liliana marcela López castañeda', 14, 'ESTUDIANTE', 'F', 'Girardot', 'CELULAR', 'CC', 1005195710, '2017-06-30 06:06:47', '', 1),
(461, 'diogenes pinto ramirez', 26, 'EMPLEADO', 'M', 'Girardot', 'CELULAR', 'CC', 1081407811, '2017-06-30 06:06:58', 'd.gns-0520@hotmeil.com', 4),
(462, 'Maria Angelica Barbosa', 19, 'EMPLEADO', 'F', 'Bogotá', 'CELULAR', 'CC', 1013680642, '2017-06-30 07:06:48', 'mangelica331@hotmail.com', 1),
(463, 'Javier gaitan', 32, 'COMERCIANTE', 'M', 'Girardot', 'CELULAR', 'CC', 14297520, '2017-06-30 09:06:33', 'celujavi@hotmail.es', 0),
(464, 'Leidy', 19, 'EMPLEADO', 'F', 'Bogotá', 'CELULAR', 'CC', 1070019191, '2017-06-30 10:06:31', 'leidygomezbello@hotmail.com', 0),
(465, 'Jennifer Granados ', 26, 'ESTUDIANTE', 'F', 'Girardot', 'PORTATIL', 'CC', 1049610108, '2017-06-30 10:06:28', 'jennifergra0612@gmail.com', 1),
(466, 'jesus diaz', 26, 'EMPLEADO', 'M', 'Girardot', 'CELULAR', 'CC', 1070605665, '2017-07-01 10:07:57', 'davidlozano2514@gmail.com', 4),
(467, 'Zenaida leguizamo', 38, 'EMPLEADO', 'F', 'Girardot', 'CELULAR', 'CC', 39575903, '2017-07-01 11:07:21', '', 2),
(468, 'Santiago', 40, 'EMPLEADO', 'M', 'Bogotá', 'CELULAR', 'CC', 79452136, '2017-07-01 12:07:10', 'santiago.feijoo@hotmail.com', 1),
(469, 'Maria laguna', 59, 'EMPLEADO', 'F', 'Girardot', 'CELULAR', 'CC', 39563289, '2017-07-01 01:07:12', '', 1),
(470, 'José Ignacio nova', 53, 'EMPLEADO', 'M', 'Bogotá', 'CELULAR', 'CC', 79266964, '2017-07-01 01:07:47', 'ignacionova1963@gmail.com', 4),
(471, 'jefferson martinez', 34, 'EMPLEADO', 'M', 'Flandes', 'CELULAR', 'CC', 11229775, '2017-07-01 02:07:16', 'martinezcardona1983@hotmail.com', 0),
(472, 'YURI GUZMAN BETANCUR', 25, 'TURISTA', 'F', 'Bogotá', 'CELULAR', 'CC', 1007302089, '2017-07-01 04:07:18', 'y.h.h.we@hotmail.com', 1),
(473, 'Viviana velandia', 30, 'EMPLEADO', 'M', 'Bogotá', 'CELULAR', 'CC', 1019012480, '2017-07-01 04:07:53', 'vivivelandiag14@gmail.com', 0),
(474, 'Ivan Daniel Ortiz Barrero', 20, 'EMPLEADO', 'M', 'Girardot', 'CELULAR', 'CC', 1106364629, '2017-07-01 04:07:57', '', 2),
(475, 'Yaneth Camargo', 34, 'EMPLEADO', 'F', 'Girardot', 'CELULAR', 'CC', 52970583, '2017-07-01 04:07:24', '', 1),
(476, 'Alejandro calderón ', 17, 'ESTUDIANTE', 'M', 'Girardot', 'CELULAR', 'TI', 1007297080, '2017-07-01 05:07:05', 'alejokamaya21@gmail.com', 4),
(477, 'Andrés suarez', 35, 'EMPLEADO', 'M', 'Bogotá', 'CELULAR', 'CC', 54321805, '2017-07-01 06:07:49', 'carlosjavi1999@yahoo.es', 1),
(478, 'Leidy Yurany Montero', 26, 'TURISTA', 'F', 'Ibagué', 'CELULAR', 'CC', 1033705652, '2017-07-01 06:07:38', 'galaxi12365@hotmail.com', 2),
(479, 'Edison riaño', 27, 'EMPLEADO', 'M', 'Bogotá', 'CELULAR', 'CC', 1033713568, '2017-07-01 06:07:47', 'edisson_3568@gmail.com', 1),
(480, 'yicel mora ', 19, 'ESTUDIANTE', 'F', 'Girardot', 'CELULAR', 'CC', 1013679282, '2017-07-01 08:07:20', '', 1),
(481, 'Harley Suárez', 45, 'EMPLEADO', 'M', 'Bogotá', 'CELULAR', 'CC', 85369214, '2017-07-01 08:07:05', 'ccortsjh@hotmail.com', 1),
(482, 'Jenny Milena moreno', 23, 'EMPLEADO', 'F', 'Bogotá', 'CELULAR', 'CC', 1022996675, '2017-07-01 08:07:16', 'milena_jool@hotmail.com', 3),
(483, 'Edi merx', 45, 'EMPLEADO', 'M', 'Girardot', 'CELULAR', 'CC', 7760300, '2017-07-01 08:07:53', 'Gonzales..@gmail.com', 1),
(484, 'Luis Alberto Salas Arias', 23, 'ESTUDIANTE', 'M', 'Manizales', 'CELULAR', 'CC', 1015445066, '2017-07-01 09:07:29', 'luissalas404@gmail.com', 3),
(485, 'Julieta beltran', 22, 'EMPLEADO', 'F', 'Bogotá', 'CELULAR', 'CC', 1012422077, '2017-07-01 09:07:45', 'juliethjbeltran@gmail.com', 1),
(486, 'Daniel González cruz ', 21, 'EMPLEADO', 'M', 'Bogotá', 'CELULAR', 'CC', 1032479204, '2017-07-01 09:07:39', 'dhancruz7@hotmail.com', 1),
(487, 'Nicolas', 22, 'EMPLEADO', 'M', 'Girardot', 'CELULAR', 'CC', 1031159174, '2017-07-01 10:07:55', 'nicolas19garcia94@gmail.com', 1),
(488, 'miguel angel', 18, 'ESTUDIANTE', 'M', 'Bogotá', 'CELULAR', 'CC', 1010240520, '2017-07-01 11:07:50', 'migueangel008@hotmail.com', 4),
(489, 'jasbleidy gomez', 24, 'ESTUDIANTE', 'F', 'Girardot', 'CELULAR', 'CC', 1033751909, '2017-07-01 11:07:48', '', 0),
(490, 'mariapilaroviedo', 47, 'INDEPENDIENTE', 'F', 'Flandes', 'CELULAR', 'CC', 39564736, '2017-07-02 07:07:11', 'rafaelguillermotriana@hotmail.com', 2),
(491, 'Lina mariana rodriguez', 23, 'EMPLEADO', 'F', 'Girardot', 'CELULAR', 'CC', 1070612398, '2017-07-02 08:07:55', 'linamrianar860@gmeil.com', 3),
(492, 'Brenda Nickolle Ramírez Aponte ', 19, 'ESTUDIANTE', 'F', 'Bogotá', 'CELULAR', 'CC', 1026592393, '2017-07-02 10:07:19', 'nicolramirez122@gmail.com', 0),
(493, 'David', 26, 'EMPLEADO', 'M', 'Bogotá', 'CELULAR', 'CC', 1113522849, '2017-07-02 11:07:36', 'davids_stiv@hotmail.com', 1),
(494, 'Jamilton Serrano', 42, 'EMPLEADO', 'M', 'Girardot', 'CELULAR', 'CC', 14252045, '2017-07-02 12:07:03', 'jamisegu@hotmail.com', 3),
(495, 'James cruz arbelaez', 35, 'ESTUDIANTE', 'M', 'Girardot', 'CELULAR', 'CC', 79217993, '2017-07-02 12:07:25', 'jeremit.cruz@hotmail.com', 1),
(496, 'Diana Medina ', 32, 'TURISTA', 'F', 'Bogotá', 'CELULAR', 'CC', 53081395, '2017-07-02 01:07:42', 'dcmedina50@gmail.com', 2),
(497, 'Paola milena', 24, 'ESTUDIANTE', 'F', 'Flandes', 'CELULAR', 'CC', 1070607961, '2017-07-02 04:07:47', 'milena-echavarria@92hotmeil.com', 3),
(498, 'Alejandra Celiz', 21, 'EMPLEADO', 'F', 'Bogotá', 'CELULAR', 'CC', 1018479580, '2017-07-02 04:07:26', 'vallolen94@gmail.com', 0),
(499, 'Luisa Fernanda Castro ', 24, 'EMPLEADO', 'F', 'Bogotá', 'CELULAR', 'CC', 1017242850, '2017-07-02 05:07:01', 'fernandacastro0416@hotmail.com', 1),
(500, 'Luis alfonso vargas fernandez', 41, 'EMPLEADO', 'M', 'Flandes', 'CELULAR', 'CC', 11324580, '2017-07-02 05:07:34', '', 1),
(501, 'Alvaroesteban', 24, 'EMPLEADO', 'M', 'Bogotá', 'CELULAR', 'CC', 1033751557, '2017-07-02 05:07:56', 'alvaronal@hotmail.com', 4),
(502, 'Angelica ochoa mosquera', 34, 'EMPLEADO', 'F', 'Flandes', 'CELULAR', 'CC', 52978368, '2017-07-02 05:07:23', '', 1),
(503, 'Brayan Esteban Jiménez Niño', 19, 'EMPLEADO', 'M', 'Bogotá', 'CELULAR', 'CC', 1023967362, '2017-07-02 06:07:16', 'brayanj.0415@gmail.com', 1),
(504, 'Bladimir', 50, 'EMPLEADO', 'M', 'Girardot', 'CELULAR', 'CC', 11313633, '2017-07-02 06:07:45', '', 3),
(505, 'Leidy Daniela alvarez', 18, 'EMPLEADO', 'F', 'Bogotá', 'CELULAR', 'CC', 30582811, '2017-07-02 06:07:25', 'leydi10000@hotmail.com', 1),
(506, 'Juan Pablo Merchan Barrera', 27, 'TURISTA', 'M', 'Bogotá', 'CELULAR', 'CC', 1068927387, '2017-07-02 07:07:39', 'juanpablo890831@hotmail.com', 1),
(507, 'Julio cesar', 34, 'EMPLEADO', 'M', 'Girardot', 'CELULAR', 'CC', 80011689, '2017-07-02 07:07:20', '', 0),
(508, 'Maria Fernanda Parra Toro', 22, 'ESTUDIANTE', 'F', 'Girardot', 'CELULAR', 'CC', 1010220298, '2017-07-02 08:07:51', 'mariafernandaparratoro@gmail.com', 1),
(509, 'jeisson alberto quiñones orozco', 35, 'COMERCIANTE', 'M', 'Bogotá', 'CELULAR', 'CC', 80100235, '2017-07-02 08:07:31', 'v.jeisson@hotmail.com', 0),
(510, 'Carolina Bohórquez', 37, 'INDEPENDIENTE', 'F', 'Bogotá', 'CELULAR', 'CC', 52849338, '2017-07-02 08:07:59', 'caboro30@gmail.com', 1),
(511, 'William andres', 20, 'ESTUDIANTE', 'M', 'Bogotá', 'CELULAR', 'CC', 1019123909, '2017-07-02 09:07:59', 'andresrmcf@hotmail.com', 1),
(512, 'María José Pardo Velasco ', 20, 'ESTUDIANTE', 'F', 'Bogotá', 'CELULAR', 'CC', 1000463541, '2017-07-02 09:07:18', 'mariajosepardo.v@gmail.com', 1),
(513, 'Boris lyeskosky', 25, 'EMPLEADO', 'M', 'Girardot', 'CELULAR', 'CC', 1073695901, '2017-07-02 10:07:46', 'borisariana@hotmail.com', 0),
(514, 'Alberto luis de la Ossa machado ', 25, 'TURISTA', 'M', 'Bogotá', 'CELULAR', 'CC', 1012382133, '2017-07-03 09:07:31', 'cluis18.alcm@gmail.com', 0),
(515, 'Julián Suárez', 22, 'INDEPENDIENTE', 'M', 'Bogotá', 'CELULAR', 'CC', 1013653153, '2017-07-03 09:07:34', 'julikour@gmail.com', 4),
(516, 'Daniel britos', 26, 'EMPLEADO', 'M', 'Girardot', 'CELULAR', 'CC', 1121299544, '2017-07-03 09:07:40', '', 3),
(517, 'Ricardo gualdron', 38, 'EMPLEADO', 'M', 'Bogotá', 'CELULAR', 'CC', 80066049, '2017-07-03 10:07:50', 'richiecandela@gmail.com', 1),
(518, 'Jose', 80, 'EMPLEADO', 'M', 'Bogotá', 'CELULAR', 'CC', 1020781209, '2017-07-03 12:07:00', 'jose@hotmail.com', 1),
(519, 'Omar cardenas', 49, 'COMERCIANTE', 'M', 'Bogotá', 'CELULAR', 'CC', 79435842, '2017-07-03 12:07:03', 'omarcard1214@gmail.cm', 1),
(520, 'Olga liliana a', 31, 'EMPLEADO', 'F', 'Girardot', 'CELULAR', 'CC', 1030528879, '2017-07-03 02:07:27', 'rolga@gmail.com', 1),
(521, 'Álvaro Javier ', 23, 'ESTUDIANTE', 'M', 'Bogotá', 'CELULAR', 'CC', 1026285832, '2017-07-03 05:07:03', 'Jbiojo7@Outlook.Com', 0),
(522, 'Karen zulay gonzalez ', 24, 'ESTUDIANTE', 'F', 'Bogotá', 'CELULAR', 'CC', 1077086398, '2017-07-03 05:07:16', 'zulaygonzalez.rh@gmail.com', 1),
(523, 'Liz Carine Baldión', 36, 'TURISTA', 'F', 'Armenia', 'CELULAR', 'CC', 39579158, '2017-07-03 05:07:08', 'lizy-k1981@hotmail.com', 0),
(524, 'Clarena baldio chaux', 42, 'TURISTA', 'F', 'Bogotá', 'CELULAR', 'CC', 395729729, '2017-07-03 05:07:40', 'mariachaux3@gmail.com', 0),
(525, 'Carmen eliana palacios', 29, 'EMPLEADO', 'M', 'Girardot', 'CELULAR', 'CC', 1087120892, '2017-07-03 05:07:51', 'elicastro316@hotmail.com', 0),
(526, 'Daniela Guativa', 24, 'INDEPENDIENTE', 'F', 'Bogotá', 'CELULAR', 'CC', 1016062333, '2017-07-03 06:07:32', 'guativadaniela@gmail.com', 1),
(527, 'José Manolo', 30, 'EMPLEADO', 'M', 'Flandes', 'CELULAR', 'CC', 1070324972, '2017-07-03 07:07:45', 'manologalindo1@hotmail.com', 2),
(528, 'Mary', 47, 'EMPLEADO', 'F', 'Medellín', 'CELULAR', 'CC', 42880263, '2017-07-03 07:07:04', 'luz.mery99@hotmail.com', 0),
(529, 'Juan gordo', 38, 'EMPLEADO', 'M', 'Girardot', 'CELULAR', 'CC', 7709006, '2017-07-03 07:07:10', 'elbergomez16@yahoo.com', 1),
(530, 'Ya te Cuenca Castañeda ', 52, 'EMPLEADO', 'F', 'Girardot', 'CELULAR', 'CC', 39560421, '2017-07-03 07:07:30', 'mtmc1995@hotmail.com', 1),
(531, 'olga isabel cruz gonzalez', 57, 'INDEPENDIENTE', 'F', 'Girardot', 'CELULAR', 'CC', 20647743, '2017-07-03 09:07:01', '', 1),
(532, 'Santiago Cortés', 25, 'EMPLEADO', 'M', 'Bogotá', 'CELULAR', 'CC', 1019071637, '2017-07-03 09:07:39', 'sanancor92@gmail.com', 1),
(533, 'Sebastián González Gomez ', 19, 'ESTUDIANTE', 'M', 'Medellín', 'CELULAR', 'CC', 1995, '2017-07-03 10:07:04', 'jsebastiang16@hotmail.com', 1),
(534, 'Andres sanchez', 14, 'ESTUDIANTE', 'M', 'Bogotá', 'CELULAR', 'TI', 49639693, '2017-07-03 10:07:51', 'frazonmusic@gmail.com', 0),
(535, 'Camilo Rodrigues', 25, 'TURISTA', 'M', 'Bogotá', 'CELULAR', 'CC', 49693639, '2017-07-03 10:07:22', 'ronaldito5432@gmail.com', 3),
(536, 'Julián Marroquín', 25, 'ESTUDIANTE', 'M', 'Bogotá', 'CELULAR', 'CC', 52448326, '2017-07-03 10:07:18', 'Juanebc_7865@yopmail.com', 1),
(537, 'Ernesto Páez', 19, 'ESTUDIANTE', 'M', 'Girardot', 'CELULAR', 'CC', 1070623781, '2017-07-04 11:07:24', 'paezalturo98@hotmail.com', 1),
(538, 'Cristian Yahir Pineda ', 23, 'INDEPENDIENTE', 'M', 'Girardot', 'CELULAR', 'CC', 1010211693, '2017-07-04 11:07:54', 'cpinedalozano@gmail.com', 1),
(539, 'Carlos ', 37, 'EMPLEADO', 'M', 'Girardot', 'CELULAR', 'CC', 17390417, '2017-07-04 04:07:58', '', 1),
(540, 'Carlos ', 37, 'EMPLEADO', 'M', 'Girardot', 'CELULAR', 'CC', 17390417, '2017-07-04 04:07:37', 'Zambrano', 0),
(541, 'Carlos Zambrano ', 37, 'EMPLEADO', 'M', 'Flandes', 'CELULAR', 'CC', 17390417, '2017-07-04 04:07:36', '3118977603', 0),
(542, 'Bertha maldonado', 58, 'EMPLEADO', 'F', 'Girardot', 'CELULAR', 'CC', 41517732, '2017-07-04 04:07:31', '', 1),
(543, 'Laura yurany moreno rodas ', 18, 'EMPLEADO', 'M', 'Girardot', 'CELULAR', 'CC', 1070626383, '2017-07-04 06:07:20', 'yuranymoren@hotmail', 4),
(544, 'juan carlos gonzalez', 28, 'EMPLEADO', 'M', 'Espinal', 'CELULAR', 'CC', 1106739112, '2017-07-04 06:07:52', 'tellezdg@hotmail.com', 4),
(545, 'javier alonso Barreto Ferreira', 27, 'EMPLEADO', 'M', 'Girardot', 'CELULAR', 'CC', 1012371167, '2017-07-04 06:07:22', 'javierfelipe1990@gmail.com', 1),
(546, 'Nicolas gonzalez', 20, 'EMPLEADO', 'M', 'Girardot', 'CELULAR', 'CC', 1070620033, '2017-07-04 08:07:32', 'nicogonza30@gmail.com', 2),
(547, 'Julio avilez', 24, 'TURISTA', 'M', 'Medellín', 'CELULAR', 'CC', 1045514262, '2017-07-05 11:07:58', 'juliow-er@hotmail.com', 4),
(548, 'Carlos Augusto Martínez Sicachá', 21, 'ESTUDIANTE', 'M', 'Bogotá', 'CELULAR', 'CC', 1032474961, '2017-07-05 11:07:04', 'nemesis.2309@hotmail.es', 4),
(549, 'Llubier torres', 30, 'ESTUDIANTE', 'M', 'Girardot', 'CELULAR', 'CC', 1027946376, '2017-07-05 11:07:53', 'megavargas2416@yahoo.es', 2),
(550, 'Silvia elena Vargas yanez', 51, 'INDEPENDIENTE', 'F', 'Apartadó', 'CELULAR', 'CC', 34997711, '2017-07-05 11:07:23', 'julioavilezv@gmail.com', 1),
(551, 'Frank Giraldo', 37, 'EMPLEADO', 'M', 'Girardot', 'CELULAR', 'CC', 80050494, '2017-07-05 02:07:25', 'felow13@Hotmail.com', 1),
(552, 'Luis alfredo', 19, 'EMPLEADO', 'M', 'Girardot', 'CELULAR', 'CC', 1070622492, '2017-07-05 03:07:33', 'cosibero9723@gmail.com', 3),
(553, 'Felipe Forero', 27, 'TURISTA', 'M', 'Bogotá', 'CELULAR', 'CC', 1073157893, '2017-07-05 04:07:20', '', 2),
(554, 'gustavo adolfo castro yaima', 23, 'EMPLEADO', 'M', 'Girardot', 'CELULAR', 'CC', 1108455529, '2017-07-05 05:07:32', 'yaimagustavo93@outlook.com', 4),
(555, 'Luis alfonso', 20, 'INDEPENDIENTE', 'M', 'Girardot', 'CELULAR', 'CC', 1070620942, '2017-07-05 06:07:11', 'laramos186@misena.edu.co', 1),
(556, 'Derly jasmin', 25, 'INDEPENDIENTE', 'F', 'Girardot', 'CELULAR', 'CC', 1070606835, '2017-07-05 06:07:11', 'luistpp97@gmail.com', 1),
(557, 'sebastian cantor', 25, 'EMPLEADO', 'M', 'Girardot', 'CELULAR', 'CC', 1070585145, '2017-07-05 06:07:35', 'lscantor@misena.edu.co', 4),
(558, 'Harold riveta', 47, 'EMPLEADO', 'M', 'Girardot', 'CELULAR', 'CC', 79135420, '2017-07-05 07:07:36', '', 4),
(559, 'Harold riveta', 47, 'EMPLEADO', 'M', 'Tocaima', 'CELULAR', 'CC', 7135420, '2017-07-05 08:07:03', '', 1),
(560, 'Alcibiadew de Jesús martes cruz', 26, 'EMPLEADO', 'M', 'Girardot', 'CELULAR', 'CC', 1069175989, '2017-07-06 09:07:41', '', 2),
(561, 'Elegida tique', 43, 'EMPLEADO', 'F', 'Girardot', 'CELULAR', 'CC', 20688242, '2017-07-06 09:07:44', 'anisofitique@gmail.com', 1),
(562, 'Luis Fernando Pulecio Cartagena ', 38, 'EMPLEADO', 'M', 'Flandes', 'CELULAR', 'CC', 93133105, '2017-07-06 01:07:07', 'lufepuca@gmail.com', 2),
(563, 'Óscar Imbachiz', 24, 'ESTUDIANTE', 'M', 'Girardot', 'CELULAR', 'CC', 1070610211, '2017-07-06 03:07:39', 'unlibrosinnombre@gmail.com', 1),
(564, 'Jorge', 38, 'INDEPENDIENTE', 'M', 'Girardot', 'CELULAR', 'CC', 13719467, '2017-07-06 04:07:51', 'jmotta@unab.edu.co', 0),
(565, 'Nelsy Herran garcia', 26, 'TURISTA', 'F', 'Espinal', 'CELULAR', 'CC', 1110176147, '2017-07-06 05:07:35', 'nelsyherran51@gamil.com', 4),
(566, 'alexander ramirez', 33, 'EMPLEADO', 'M', 'Girardot', 'CELULAR', 'CC', 11205003, '2017-07-06 07:07:19', 'Vendorfraces@gmail.com', 2),
(567, 'Pablo emilio rendon', 21, 'TURISTA', 'M', 'Bogotá', 'CELULAR', 'CC', 1033788477, '2017-07-06 07:07:31', 'pabloemilio.rendon@yahoo.com', 4),
(568, 'Agdhajaud', 35, 'ESTUDIANTE', 'M', 'Bogotá', 'CELULAR', 'CC', 3333588, '2017-07-06 07:07:37', 'jshahah@gmail.com', 0),
(569, 'Juan Gómez', 17, 'INDEPENDIENTE', 'M', 'Girardot', 'CELULAR', 'TI', 1007782211, '2017-07-06 08:07:31', '', 2),
(570, 'José hernsndez', 48, 'EMPLEADO', 'M', 'Bogotá', 'CELULAR', 'CC', 79590362, '2017-07-06 08:07:05', 'latinaguas@yahoo.com', 1),
(571, 'willian gonsalez', 23, 'INDEPENDIENTE', 'M', 'Girardot', 'CELULAR', 'TI', 1007782320, '2017-07-06 08:07:45', '', 1),
(572, 'Dago Raul Cortes', 22, 'ESTUDIANTE', 'M', 'Girardot', 'CELULAR', 'CC', 1070615594, '2017-07-06 09:07:13', 'laurajuliana8256@hotmail.com', 1),
(573, 'willian gonsalez', 18, 'INDEPENDIENTE', 'M', 'Girardot', 'CELULAR', 'TI', 1007782213, '2017-07-06 09:07:43', '', 2),
(574, 'Rodrigo Moreno Soto ', 20, 'EMPLEADO', 'M', 'Girardot', 'CELULAR', 'CC', 1094962439, '2017-07-07 09:07:23', 'rodrigo0697@hotmail.com', 0),
(575, 'Camilo Martínez', 24, 'EMPLEADO', 'M', 'Girardot', 'CELULAR', 'CC', 1108455608, '2017-07-07 10:07:53', 'krizthiam1993@gamail.com', 1),
(576, 'Andrés lozada', 19, 'TURISTA', 'M', 'Neiva ', 'CELULAR', 'CC', 1079852219, '2017-07-07 10:07:00', '', 1),
(577, 'Nelson Muñoz serrano', 43, 'INDEPENDIENTE', 'M', 'La Mesa', 'CELULAR', 'CC', 79601631, '2017-07-07 11:07:00', 'nelsonmuarp@gmail.com', 1),
(578, 'Dayana Benítez ', 17, 'ESTUDIANTE', 'F', 'Girardot', 'CELULAR', 'TI', 1000005697, '2017-07-07 05:07:45', 'ojsb01@hotmail.com', 1),
(579, 'Maira alejandra sastoque huertas', 26, 'ESTUDIANTE', 'F', 'Girardot', 'CELULAR', 'CC', 1070601981, '2017-07-07 07:07:51', 'maisastoque17@gmail.com', 0),
(580, 'Jhon niber', 27, 'EMPLEADO', 'M', 'Girardot', 'CELULAR', 'CC', 1106777283, '2017-07-07 08:07:02', '', 4),
(581, 'Nicolas Alberto Tafur Torres', 20, 'ESTUDIANTE', 'M', 'Girardot', 'CELULAR', 'CC', 1070619378, '2017-07-07 08:07:04', 'nicolastafur1996@hotmail.com', 1),
(582, 'Laura valentína Rodríguez castillo ', 13, 'TURISTA', 'F', 'Bogotá', 'CELULAR', 'CE', 10167180, '2017-07-07 09:07:29', 'opastelito2003@hotmail.com', 1),
(583, 'Doris campos', 47, 'INDEPENDIENTE', 'F', 'Girardot', 'CELULAR', 'CC', 3956588, '2017-07-08 09:07:08', '', 1),
(584, 'Yeimy milena nivia campos', 32, 'INDEPENDIENTE', 'F', 'Girardot', 'CELULAR', 'CC', 20876411, '2017-07-08 09:07:59', '', 1),
(585, 'Yeimy milena nivia campos', 32, 'INDEPENDIENTE', 'F', 'Girardot', 'CELULAR', 'CC', 20876441, '2017-07-08 09:07:04', '', 2),
(586, 'ana acelia flor', 42, 'EMPLEADO', 'M', 'Girardot', 'CELULAR', 'CC', 36069892, '2017-07-08 09:07:25', '', 2),
(587, 'Juan carlos rivera garcia', 43, 'INDEPENDIENTE', 'M', 'Girardot', 'CELULAR', 'CC', 11322009, '2017-07-08 11:07:47', 'juancamaiden@hotmail.com', 1),
(588, 'Nohora Aide ', 36, 'EMPLEADO', 'F', 'Girardot', 'CELULAR', 'CC', 35285919, '2017-07-08 03:07:52', 'eresmicreador@gmail.com', 0),
(589, 'Andres felipe', 22, 'TURISTA', 'M', 'Girardot', 'CELULAR', 'CC', 1070617257, '2017-07-08 04:07:29', '', 1),
(590, 'Andres felipe', 22, 'TURISTA', 'M', 'Girardot', 'CELULAR', 'CC', 107061727, '2017-07-08 04:07:42', '', 1),
(591, 'abulante', 43, 'EMPLEADO', 'M', 'Girardot', 'CELULAR', 'CC', 11319934, '2017-07-08 04:07:50', '', 1),
(592, 'victor manuel', 43, 'TURISTA', 'M', 'Girardot', 'CELULAR', 'CC', 11319934, '2017-07-08 04:07:57', '', 0),
(593, 'Andres felipe', 22, 'TURISTA', 'M', 'Girardot', 'CELULAR', 'CC', 1070617527, '2017-07-08 04:07:56', '', 0),
(594, 'Andres felipe', 22, 'ESTUDIANTE', 'M', 'Girardot', 'CELULAR', 'CC', 1070617527, '2017-07-08 04:07:27', '', 0),
(595, 'Andres felipe', 22, 'ESTUDIANTE', 'M', 'Girardot', 'CELULAR', 'CC', 1070617527, '2017-07-08 05:07:57', '', 0),
(596, 'Luz Baez', 30, 'EMPLEADO', 'F', 'Girardot', 'CELULAR', 'CC', 46457428, '2017-07-08 05:07:46', '', 1),
(597, 'Andres felipe', 22, 'EMPLEADO', 'M', 'Girardot', 'CELULAR', 'CC', 1070617527, '2017-07-08 05:07:12', '', 0),
(598, 'Andres felipe', 22, 'INDEPENDIENTE', 'M', 'Bogotá', 'CELULAR', 'CC', 1070617527, '2017-07-08 05:07:20', '', 0),
(599, 'Andres felipe', 22, 'TURISTA', 'M', 'Girardot', 'CELULAR', 'CC', 1070617527, '2017-07-08 05:07:57', '', 0),
(600, 'Andres felipe', 22, 'TURISTA', 'M', 'Girardot', 'CELULAR', 'CC', 1070617527, '2017-07-08 05:07:04', '', 0),
(601, 'Andres felipe', 22, 'TURISTA', 'M', 'Girardot', 'CELULAR', 'CC', 1070617527, '2017-07-08 05:07:50', '', 0),
(602, 'Bryant imbol', 29, 'EMPLEADO', 'M', 'Melgar', 'CELULAR', 'CC', 1032407948, '2017-07-08 05:07:04', 'bryantimboll@hotmail.com', 2),
(603, 'Sindy Gutiérrez', 22, 'TURISTA', 'F', 'Bogotá', 'CELULAR', 'CC', 1216717740, '2017-07-08 05:07:46', 'sindy.135@hotmail.com', 0),
(604, 'Andres felipe', 22, 'TURISTA', 'M', 'Girardot', 'CELULAR', 'CC', 1070617527, '2017-07-08 05:07:27', 'dosxtresx45@gmail.com', 0),
(605, 'Diosa alejandra', 24, 'ESTUDIANTE', 'F', 'Girardot', 'CELULAR', 'CC', 1070608243, '2017-07-08 05:07:53', 'pdiosamichell@gmail.com', 1),
(606, 'Victor', 43, 'COMERCIANTE', 'M', 'Girardot', 'CELULAR', 'CC', 11319934, '2017-07-08 05:07:02', '', 0),
(607, 'Andres felipe', 22, 'TURISTA', 'M', 'Girardot', 'CELULAR', 'CC', 1070617527, '2017-07-08 07:07:25', '', 0),
(608, 'Andres felipe', 22, 'TURISTA', 'M', 'Girardot', 'CELULAR', 'CC', 1070617527, '2017-07-08 07:07:49', '', 0),
(609, 'Esteban camilo', 26, 'EMPLEADO', 'M', 'Bogotá', 'CELULAR', 'CC', 1033740929, '2017-07-08 08:07:33', 'lordkamuy12@gmail.com', 4),
(610, 'Duvan Alarcon', 14, 'ESTUDIANTE', 'M', 'Flandes', 'CELULAR', 'TI', 1003690760, '2017-07-08 08:07:42', '3057452357@hotmail.com', 1),
(611, 'Felipe', 19, 'INDEPENDIENTE', 'M', 'Girardot', 'CELULAR', 'CC', 1070623346, '2017-07-08 08:07:49', 'felipe.vasquez1998@hotmail.com', 1),
(612, 'Pilar amorocho', 28, 'EMPLEADO', 'F', 'Girardot', 'CELULAR', 'CC', 1108453795, '2017-07-08 09:07:48', 'pilarcita976@hotmail.com', 0),
(613, 'Diobaldo ponce ', 26, 'EMPLEADO', 'M', 'Girardot', 'CELULAR', 'CC', 1052080337, '2017-07-09 11:07:46', 'diovaldoponce@gmail.com', 3),
(614, 'Yudy Alexandra Angarita', 28, 'EMPLEADO', 'F', 'Bogotá', 'CELULAR', 'CC', 1024489866, '2017-07-09 01:07:52', 'yuyu.alexa@gmail.com', 1),
(615, 'Vanessa Trujillo ', 26, 'TURISTA', 'F', 'Bogotá', 'CELULAR', 'CC', 1024515929, '2017-07-09 02:07:39', 'ruvatrula_6@hotmail.com', 1),
(616, 'Ronald ', 32, 'TURISTA', 'M', 'Bogotá', 'CELULAR', 'CC', 80192856, '2017-07-09 02:07:30', 'ye-k-e@hotmail.com', 1),
(617, 'Ronald ', 32, 'TURISTA', 'M', 'Bogotá', 'CELULAR', 'CC', 80192856, '2017-07-09 02:07:30', 'ye-k-e@hotmail.com', 0),
(618, 'Laura yadira', 24, 'ESTUDIANTE', 'F', 'Girardot', 'CELULAR', 'CC', 1070608124, '2017-07-09 02:07:38', 'laurisyadis15@hotmail.com', 4),
(619, 'René', 41, 'INDEPENDIENTE', 'M', 'Girardot', 'CELULAR', 'CC', 11220693, '2017-07-09 02:07:56', 'renegado..75@hotmail.com', 2),
(620, 'Adriana maria guzmán camelo', 33, 'EMPLEADO', 'M', 'Girardot', 'CELULAR', 'CC', 24652413, '2017-07-09 04:07:32', '', 1),
(621, 'Laura gabriela cabrejo martinez', 22, 'ESTUDIANTE', 'F', 'Bogotá', 'CELULAR', 'CC', 1018468560, '2017-07-09 04:07:42', 'gabitacabrejo@hotmail.com', 1),
(622, 'Óscar Giraldo', 38, 'EMPLEADO', 'M', 'Melgar', 'CELULAR', 'CC', 79814221, '2017-07-09 05:07:21', 'oscarjaviergiraldogomez@gmail.com', 1),
(623, 'Emilio', 29, 'EMPLEADO', 'M', 'Bogotá', 'CELULAR', 'CC', 1046007641, '2017-07-09 05:07:38', 'emiliyon29@yahoo.com', 1),
(624, 'Sara cardona ', 26, 'EMPLEADO', 'F', 'Bogotá', 'CELULAR', 'CC', 1018441190, '2017-07-09 05:07:38', 'sarafica2@hoymail.com', 3),
(625, 'William León aya', 45, 'ESTUDIANTE', 'M', 'Girardot', 'CELULAR', 'CC', 11320061, '2017-07-09 05:07:29', 'William2131@hitmail.com', 2),
(626, 'Javier Adames ', 20, 'ESTUDIANTE', 'M', 'Bogotá', 'CELULAR', 'CC', 1032485388, '2017-07-09 06:07:38', 'javier.adanes18@gmail.com', 1),
(627, 'John alexander Sabogal ortegon', 37, 'INDEPENDIENTE', 'M', 'Girardot', 'CELULAR', 'CC', 11224226, '2017-07-09 06:07:49', 'sponja79yea@hotmail.com', 1),
(628, 'Carlos Andres murcia arroyave', 20, 'EMPLEADO', 'M', 'Girardot', 'CELULAR', 'CC', 1006825710, '2017-07-10 10:07:31', '', 1),
(629, 'Carlos andres murcia arroyave', 20, 'INDEPENDIENTE', 'M', 'Girardot', 'CELULAR', 'CC', 100685710, '2017-07-10 10:07:39', 'arroyave.15789@hotmail.com', 1),
(630, 'Clemencuo', 11, 'EMPLEADO', 'M', 'Girardot', 'CELULAR', 'CC', 111, '2017-07-10 11:07:03', 'gh@gmsil.ckm', 2),
(631, 'Jhonjairo', 39, 'EMPLEADO', 'M', 'Girardot', 'CELULAR', 'CC', 14252838, '2017-07-10 01:07:00', '', 2),
(632, 'Jhonjairo', 39, 'EMPLEADO', 'M', 'Girardot', 'CELULAR', 'CC', 142252838, '2017-07-10 01:07:34', '', 1),
(633, 'Jhon Jairo Guayara Donoso', 39, 'INDEPENDIENTE', 'M', 'Melgar  ', 'CELULAR', 'CC', 65824762, '2017-07-10 02:07:56', '', 0),
(634, 'Sebastian arango perez', 24, 'ESTUDIANTE', 'M', 'Girardot', 'CELULAR', 'CC', 1070609206, '2017-07-10 02:07:07', 'sebastian2_@hotmail.com', 1),
(635, 'Bryan Andrade', 23, 'ESTUDIANTE', 'M', 'Girardot', 'CELULAR', 'CC', 1017217500, '2017-07-10 03:07:24', 'bandrade2200@gmail.com', 3),
(636, 'Cristian felipe sanchez mendez', 26, 'ESTUDIANTE', 'M', 'Girardot', 'CELULAR', 'CC', 1070603978, '2017-07-10 04:07:49', 'felipesanmendez@gmail.com', 1),
(637, 'Cristian ivan ', 20, 'EMPLEADO', 'M', 'Flandes', 'CELULAR', 'CC', 1106898633, '2017-07-10 04:07:58', 'criztivan@hotmail.com', 1),
(638, 'alejandra rojas', 20, 'EMPLEADO', 'F', 'Girardot', 'CELULAR', 'CC', 1069178542, '2017-07-10 05:07:40', 'kei-aleja@hotmail.com', 1),
(639, 'HANS ACERO HERNANDEZ', 25, 'INDEPENDIENTE', 'M', 'Girardot', 'CELULAR', 'CC', 1070606951, '2017-07-10 05:07:11', 'zonaacero92@gmail.com', 1),
(640, 'Luis miguel romero', 25, 'EMPLEADO', 'M', 'Girardot', 'CELULAR', 'CC', 1092350555, '2017-07-10 07:07:02', '', 1),
(641, 'Jozed ', 25, 'ESTUDIANTE', 'M', 'Bogotá', 'CELULAR', 'CC', 1070752131, '2017-07-10 07:07:17', 'romerossk@gmail.com', 2),
(642, 'Andres rosol', 21, 'EMPLEADO', 'M', 'Bogotá', 'CELULAR', 'CC', 1019130002, '2017-07-10 07:07:49', 'saidjukians@gmail.com', 1),
(643, 'DEMO8', 63, 'EMPLEADO', 'M', 'Bogotá', 'PORTATIL', 'CC', 59595959, '2017-07-12 06:07:58', 'DEMO8@GMAIL.COM', 1),
(644, 'DEMO123', 63, 'EMPLEADO', 'M', 'Girardot', 'PORTATIL', 'CC', 123123123, '2017-07-12 06:07:59', '123123@GMAIL.COM', 0),
(645, 'demo1234', 43, 'EMPLEADO', 'M', 'Ibagué', 'CELULAR', 'CC', 12341234, '2017-07-12 06:07:14', '1234@gmail.com', 0);

--
-- Índices para tablas volcadas
--

--
-- Indices de la tabla `ciudades`
--
ALTER TABLE `ciudades`
  ADD PRIMARY KEY (`idCiudad`),
  ADD KEY `idDepartamento` (`idDepartamento`);

--
-- Indices de la tabla `conteo`
--
ALTER TABLE `conteo`
  ADD PRIMARY KEY (`id_conteo`),
  ADD KEY `id_usuario` (`id_usuario`),
  ADD KEY `id_encuesta` (`id_encuesta`);

--
-- Indices de la tabla `departamento`
--
ALTER TABLE `departamento`
  ADD PRIMARY KEY (`idDepartamento`);

--
-- Indices de la tabla `encuesta`
--
ALTER TABLE `encuesta`
  ADD PRIMARY KEY (`id_encuesta`);

--
-- Indices de la tabla `pines`
--
ALTER TABLE `pines`
  ADD PRIMARY KEY (`id_pin`),
  ADD KEY `id_conteo` (`activo`);

--
-- Indices de la tabla `usuario`
--
ALTER TABLE `usuario`
  ADD PRIMARY KEY (`id_usuario`);

--
-- AUTO_INCREMENT de las tablas volcadas
--

--
-- AUTO_INCREMENT de la tabla `ciudades`
--
ALTER TABLE `ciudades`
  MODIFY `idCiudad` int(11) NOT NULL AUTO_INCREMENT, AUTO_INCREMENT=1106;
--
-- AUTO_INCREMENT de la tabla `conteo`
--
ALTER TABLE `conteo`
  MODIFY `id_conteo` int(11) NOT NULL AUTO_INCREMENT, AUTO_INCREMENT=812;
--
-- AUTO_INCREMENT de la tabla `departamento`
--
ALTER TABLE `departamento`
  MODIFY `idDepartamento` int(11) NOT NULL AUTO_INCREMENT, AUTO_INCREMENT=33;
--
-- AUTO_INCREMENT de la tabla `encuesta`
--
ALTER TABLE `encuesta`
  MODIFY `id_encuesta` int(11) NOT NULL AUTO_INCREMENT, AUTO_INCREMENT=7;
--
-- AUTO_INCREMENT de la tabla `pines`
--
ALTER TABLE `pines`
  MODIFY `id_pin` int(11) NOT NULL AUTO_INCREMENT, AUTO_INCREMENT=451;
--
-- AUTO_INCREMENT de la tabla `usuario`
--
ALTER TABLE `usuario`
  MODIFY `id_usuario` int(11) NOT NULL AUTO_INCREMENT, AUTO_INCREMENT=646;
/*!40101 SET CHARACTER_SET_CLIENT=@OLD_CHARACTER_SET_CLIENT */;
/*!40101 SET CHARACTER_SET_RESULTS=@OLD_CHARACTER_SET_RESULTS */;
/*!40101 SET COLLATION_CONNECTION=@OLD_COLLATION_CONNECTION */;
